[{"model": "scheduler.building", "pk": 0, "fields": {"name": "Building0", "coord_x": -51.76136438214725, "coord_y": 72.73138510539388}}, {"model": "scheduler.building", "pk": 1, "fields": {"name": "Building1", "coord_x": -19.710562450449046, "coord_y": 71.59385570577709}}, {"model": "scheduler.building", "pk": 2, "fields": {"name": "Building2", "coord_x": 31.812273710619138, "coord_y": 39.84995060454389}}, {"model": "scheduler.building", "pk": 3, "fields": {"name": "Building3", "coord_x": 19.874661862802427, "coord_y": 65.17622653303613}}, {"model": "scheduler.building", "pk": 4, "fields": {"name": "Building4", "coord_x": 90.06805591420968, "coord_y": -61.588899978719255}}, {"model": "scheduler.building", "pk": 5, "fields": {"name": "Building5", "coord_x": 16.947410906517035, "coord_y": -37.03234988215216}}, {"model": "scheduler.building", "pk": 6, "fields": {"name": "Building6", "coord_x": -33.04523822752539, "coord_y": 98.16824455868993}}, {"model": "scheduler.building", "pk": 7, "fields": {"name": "Building7", "coord_x": 61.67497462802777, "coord_y": 21.584137986300206}}, {"model": "scheduler.building", "pk": 8, "fields": {"name": "Building8", "coord_x": 36.348205627351575, "coord_y": -89.32577331060305}}, {"model": "scheduler.building", "pk": 9, "fields": {"name": "Building9", "coord_x": 71.97678173952636, "coord_y": 44.17090205852921}}, {"model": "scheduler.building", "pk": 10, "fields": {"name": "Building10", "coord_x": -98.65398047360787, "coord_y": -86.42370519272112}}, {"model": "scheduler.building", "pk": 11, "fields": {"name": "Building11", "coord_x": 34.661867654177115, "coord_y": 58.54833371961706}}, {"model": "scheduler.building", "pk": 12, "fields": {"name": "Building12", "coord_x": 76.46675298703906, "coord_y": -2.9320828852137595}}, {"model": "scheduler.building", "pk": 13, "fields": {"name": "Building13", "coord_x": 82.35725056693337, "coord_y": -54.82768333501355}}, {"model": "scheduler.building", "pk": 14, "fields": {"name": "Building14", "coord_x": -66.65390671431834, "coord_y": -87.26606779802393}}, {"model": "scheduler.building", "pk": 15, "fields": {"name": "Building15", "coord_x": -12.267557954828831, "coord_y": 74.48820949769811}}, {"model": "scheduler.building", "pk": 16, "fields": {"name": "Building16", "coord_x": 44.88829812000171, "coord_y": 53.516161152093446}}, {"model": "scheduler.building", "pk": 17, "fields": {"name": "Building17", "coord_x": 95.88111930615503, "coord_y": 81.42569443349706}}, {"model": "scheduler.building", "pk": 18, "fields": {"name": "Building18", "coord_x": -27.711570609359313, "coord_y": 40.54667617768078}}, {"model": "scheduler.building", "pk": 19, "fields": {"name": "Building19", "coord_x": -45.25545323515958, "coord_y": -41.17800236161244}}, {"model": "scheduler.classroom", "pk": 0, "fields": {"name": "Classroom0", "capacity": 61, "max_ta": 3, "building": 14}}, {"model": "scheduler.classroom", "pk": 1, "fields": {"name": "Classroom1", "capacity": 62, "max_ta": 3, "building": 18}}, {"model": "scheduler.classroom", "pk": 2, "fields": {"name": "Classroom2", "capacity": 73, "max_ta": 2, "building": 13}}, {"model": "scheduler.classroom", "pk": 3, "fields": {"name": "Classroom3", "capacity": 95, "max_ta": 2, "building": 12}}, {"model": "scheduler.classroom", "pk": 4, "fields": {"name": "Classroom4", "capacity": 71, "max_ta": 2, "building": 9}}, {"model": "scheduler.classroom", "pk": 5, "fields": {"name": "Classroom5", "capacity": 57, "max_ta": 3, "building": 2}}, {"model": "scheduler.classroom", "pk": 6, "fields": {"name": "Classroom6", "capacity": 85, "max_ta": 1, "building": 11}}, {"model": "scheduler.classroom", "pk": 7, "fields": {"name": "Classroom7", "capacity": 51, "max_ta": 1, "building": 17}}, {"model": "scheduler.classroom", "pk": 8, "fields": {"name": "Classroom8", "capacity": 73, "max_ta": 3, "building": 16}}, {"model": "scheduler.classroom", "pk": 9, "fields": {"name": "Classroom9", "capacity": 67, "max_ta": 2, "building": 14}}, {"model": "scheduler.classroom", "pk": 10, "fields": {"name": "Classroom10", "capacity": 94, "max_ta": 2, "building": 11}}, {"model": "scheduler.classroom", "pk": 11, "fields": {"name": "Classroom11", "capacity": 86, "max_ta": 3, "building": 7}}, {"model": "scheduler.classroom", "pk": 12, "fields": {"name": "Classroom12", "capacity": 82, "max_ta": 1, "building": 3}}, {"model": "scheduler.classroom", "pk": 13, "fields": {"name": "Classroom13", "capacity": 97, "max_ta": 2, "building": 8}}, {"model": "scheduler.classroom", "pk": 14, "fields": {"name": "Classroom14", "capacity": 70, "max_ta": 1, "building": 3}}, {"model": "scheduler.classroom", "pk": 15, "fields": {"name": "Classroom15", "capacity": 84, "max_ta": 1, "building": 9}}, {"model": "scheduler.classroom", "pk": 16, "fields": {"name": "Classroom16", "capacity": 85, "max_ta": 2, "building": 12}}, {"model": "scheduler.classroom", "pk": 17, "fields": {"name": "Classroom17", "capacity": 99, "max_ta": 3, "building": 13}}, {"model": "scheduler.classroom", "pk": 18, "fields": {"name": "Classroom18", "capacity": 56, "max_ta": 3, "building": 6}}, {"model": "scheduler.classroom", "pk": 19, "fields": {"name": "Classroom19", "capacity": 98, "max_ta": 2, "building": 14}}, {"model": "scheduler.classroom", "pk": 20, "fields": {"name": "Classroom20", "capacity": 100, "max_ta": 2, "building": 18}}, {"model": "scheduler.classroom", "pk": 21, "fields": {"name": "Classroom21", "capacity": 58, "max_ta": 1, "building": 12}}, {"model": "scheduler.classroom", "pk": 22, "fields": {"name": "Classroom22", "capacity": 92, "max_ta": 3, "building": 11}}, {"model": "scheduler.classroom", "pk": 23, "fields": {"name": "Classroom23", "capacity": 98, "max_ta": 1, "building": 2}}, {"model": "scheduler.classroom", "pk": 24, "fields": {"name": "Classroom24", "capacity": 56, "max_ta": 3, "building": 4}}, {"model": "scheduler.classroom", "pk": 25, "fields": {"name": "Classroom25", "capacity": 76, "max_ta": 3, "building": 4}}, {"model": "scheduler.classroom", "pk": 26, "fields": {"name": "Classroom26", "capacity": 82, "max_ta": 2, "building": 7}}, {"model": "scheduler.classroom", "pk": 27, "fields": {"name": "Classroom27", "capacity": 66, "max_ta": 3, "building": 14}}, {"model": "scheduler.classroom", "pk": 28, "fields": {"name": "Classroom28", "capacity": 87, "max_ta": 2, "building": 13}}, {"model": "scheduler.classroom", "pk": 29, "fields": {"name": "Classroom29", "capacity": 64, "max_ta": 3, "building": 13}}, {"model": "scheduler.classroom", "pk": 30, "fields": {"name": "Classroom30", "capacity": 72, "max_ta": 2, "building": 2}}, {"model": "scheduler.classroom", "pk": 31, "fields": {"name": "Classroom31", "capacity": 52, "max_ta": 3, "building": 12}}, {"model": "scheduler.classroom", "pk": 32, "fields": {"name": "Classroom32", "capacity": 98, "max_ta": 1, "building": 15}}, {"model": "scheduler.classroom", "pk": 33, "fields": {"name": "Classroom33", "capacity": 85, "max_ta": 1, "building": 9}}, {"model": "scheduler.classroom", "pk": 34, "fields": {"name": "Classroom34", "capacity": 73, "max_ta": 2, "building": 9}}, {"model": "scheduler.classroom", "pk": 35, "fields": {"name": "Classroom35", "capacity": 78, "max_ta": 1, "building": 7}}, {"model": "scheduler.classroom", "pk": 36, "fields": {"name": "Classroom36", "capacity": 77, "max_ta": 2, "building": 10}}, {"model": "scheduler.classroom", "pk": 37, "fields": {"name": "Classroom37", "capacity": 67, "max_ta": 2, "building": 0}}, {"model": "scheduler.classroom", "pk": 38, "fields": {"name": "Classroom38", "capacity": 80, "max_ta": 1, "building": 3}}, {"model": "scheduler.classroom", "pk": 39, "fields": {"name": "Classroom39", "capacity": 60, "max_ta": 3, "building": 0}}, {"model": "scheduler.classroom", "pk": 40, "fields": {"name": "Classroom40", "capacity": 69, "max_ta": 2, "building": 0}}, {"model": "scheduler.classroom", "pk": 41, "fields": {"name": "Classroom41", "capacity": 98, "max_ta": 2, "building": 3}}, {"model": "scheduler.classroom", "pk": 42, "fields": {"name": "Classroom42", "capacity": 58, "max_ta": 2, "building": 4}}, {"model": "scheduler.classroom", "pk": 43, "fields": {"name": "Classroom43", "capacity": 65, "max_ta": 1, "building": 5}}, {"model": "scheduler.classroom", "pk": 44, "fields": {"name": "Classroom44", "capacity": 90, "max_ta": 2, "building": 17}}, {"model": "scheduler.classroom", "pk": 45, "fields": {"name": "Classroom45", "capacity": 73, "max_ta": 2, "building": 11}}, {"model": "scheduler.classroom", "pk": 46, "fields": {"name": "Classroom46", "capacity": 66, "max_ta": 3, "building": 7}}, {"model": "scheduler.classroom", "pk": 47, "fields": {"name": "Classroom47", "capacity": 66, "max_ta": 2, "building": 8}}, {"model": "scheduler.classroom", "pk": 48, "fields": {"name": "Classroom48", "capacity": 59, "max_ta": 2, "building": 12}}, {"model": "scheduler.classroom", "pk": 49, "fields": {"name": "Classroom49", "capacity": 57, "max_ta": 1, "building": 15}}, {"model": "scheduler.classroom", "pk": 50, "fields": {"name": "Classroom50", "capacity": 58, "max_ta": 3, "building": 16}}, {"model": "scheduler.classroom", "pk": 51, "fields": {"name": "Classroom51", "capacity": 80, "max_ta": 1, "building": 3}}, {"model": "scheduler.classroom", "pk": 52, "fields": {"name": "Classroom52", "capacity": 100, "max_ta": 2, "building": 4}}, {"model": "scheduler.classroom", "pk": 53, "fields": {"name": "Classroom53", "capacity": 79, "max_ta": 2, "building": 12}}, {"model": "scheduler.classroom", "pk": 54, "fields": {"name": "Classroom54", "capacity": 63, "max_ta": 1, "building": 2}}, {"model": "scheduler.classroom", "pk": 55, "fields": {"name": "Classroom55", "capacity": 91, "max_ta": 1, "building": 8}}, {"model": "scheduler.classroom", "pk": 56, "fields": {"name": "Classroom56", "capacity": 85, "max_ta": 2, "building": 11}}, {"model": "scheduler.classroom", "pk": 57, "fields": {"name": "Classroom57", "capacity": 62, "max_ta": 2, "building": 16}}, {"model": "scheduler.classroom", "pk": 58, "fields": {"name": "Classroom58", "capacity": 86, "max_ta": 1, "building": 1}}, {"model": "scheduler.classroom", "pk": 59, "fields": {"name": "Classroom59", "capacity": 99, "max_ta": 2, "building": 3}}, {"model": "scheduler.classroom", "pk": 60, "fields": {"name": "Classroom60", "capacity": 78, "max_ta": 2, "building": 14}}, {"model": "scheduler.classroom", "pk": 61, "fields": {"name": "Classroom61", "capacity": 67, "max_ta": 2, "building": 16}}, {"model": "scheduler.classroom", "pk": 62, "fields": {"name": "Classroom62", "capacity": 65, "max_ta": 1, "building": 0}}, {"model": "scheduler.classroom", "pk": 63, "fields": {"name": "Classroom63", "capacity": 94, "max_ta": 2, "building": 19}}, {"model": "scheduler.classroom", "pk": 64, "fields": {"name": "Classroom64", "capacity": 57, "max_ta": 2, "building": 2}}, {"model": "scheduler.classroom", "pk": 65, "fields": {"name": "Classroom65", "capacity": 65, "max_ta": 1, "building": 11}}, {"model": "scheduler.classroom", "pk": 66, "fields": {"name": "Classroom66", "capacity": 61, "max_ta": 1, "building": 7}}, {"model": "scheduler.classroom", "pk": 67, "fields": {"name": "Classroom67", "capacity": 82, "max_ta": 3, "building": 0}}, {"model": "scheduler.classroom", "pk": 68, "fields": {"name": "Classroom68", "capacity": 100, "max_ta": 1, "building": 18}}, {"model": "scheduler.classroom", "pk": 69, "fields": {"name": "Classroom69", "capacity": 98, "max_ta": 1, "building": 5}}, {"model": "scheduler.classroom", "pk": 70, "fields": {"name": "Classroom70", "capacity": 59, "max_ta": 3, "building": 13}}, {"model": "scheduler.classroom", "pk": 71, "fields": {"name": "Classroom71", "capacity": 50, "max_ta": 3, "building": 5}}, {"model": "scheduler.classroom", "pk": 72, "fields": {"name": "Classroom72", "capacity": 84, "max_ta": 1, "building": 10}}, {"model": "scheduler.classroom", "pk": 73, "fields": {"name": "Classroom73", "capacity": 63, "max_ta": 2, "building": 6}}, {"model": "scheduler.classroom", "pk": 74, "fields": {"name": "Classroom74", "capacity": 74, "max_ta": 1, "building": 18}}, {"model": "scheduler.classroom", "pk": 75, "fields": {"name": "Classroom75", "capacity": 56, "max_ta": 3, "building": 16}}, {"model": "scheduler.classroom", "pk": 76, "fields": {"name": "Classroom76", "capacity": 100, "max_ta": 3, "building": 18}}, {"model": "scheduler.classroom", "pk": 77, "fields": {"name": "Classroom77", "capacity": 55, "max_ta": 3, "building": 3}}, {"model": "scheduler.classroom", "pk": 78, "fields": {"name": "Classroom78", "capacity": 78, "max_ta": 1, "building": 19}}, {"model": "scheduler.classroom", "pk": 79, "fields": {"name": "Classroom79", "capacity": 61, "max_ta": 2, "building": 15}}, {"model": "scheduler.classroom", "pk": 80, "fields": {"name": "Classroom80", "capacity": 67, "max_ta": 1, "building": 19}}, {"model": "scheduler.classroom", "pk": 81, "fields": {"name": "Classroom81", "capacity": 84, "max_ta": 2, "building": 14}}, {"model": "scheduler.classroom", "pk": 82, "fields": {"name": "Classroom82", "capacity": 63, "max_ta": 1, "building": 14}}, {"model": "scheduler.classroom", "pk": 83, "fields": {"name": "Classroom83", "capacity": 99, "max_ta": 2, "building": 9}}, {"model": "scheduler.classroom", "pk": 84, "fields": {"name": "Classroom84", "capacity": 79, "max_ta": 1, "building": 9}}, {"model": "scheduler.classroom", "pk": 85, "fields": {"name": "Classroom85", "capacity": 51, "max_ta": 1, "building": 5}}, {"model": "scheduler.classroom", "pk": 86, "fields": {"name": "Classroom86", "capacity": 71, "max_ta": 1, "building": 15}}, {"model": "scheduler.classroom", "pk": 87, "fields": {"name": "Classroom87", "capacity": 98, "max_ta": 3, "building": 6}}, {"model": "scheduler.classroom", "pk": 88, "fields": {"name": "Classroom88", "capacity": 72, "max_ta": 1, "building": 19}}, {"model": "scheduler.classroom", "pk": 89, "fields": {"name": "Classroom89", "capacity": 62, "max_ta": 1, "building": 0}}, {"model": "scheduler.classroom", "pk": 90, "fields": {"name": "Classroom90", "capacity": 76, "max_ta": 1, "building": 3}}, {"model": "scheduler.classroom", "pk": 91, "fields": {"name": "Classroom91", "capacity": 62, "max_ta": 1, "building": 3}}, {"model": "scheduler.classroom", "pk": 92, "fields": {"name": "Classroom92", "capacity": 84, "max_ta": 1, "building": 16}}, {"model": "scheduler.classroom", "pk": 93, "fields": {"name": "Classroom93", "capacity": 54, "max_ta": 3, "building": 11}}, {"model": "scheduler.classroom", "pk": 94, "fields": {"name": "Classroom94", "capacity": 78, "max_ta": 3, "building": 4}}, {"model": "scheduler.classroom", "pk": 95, "fields": {"name": "Classroom95", "capacity": 84, "max_ta": 1, "building": 6}}, {"model": "scheduler.classroom", "pk": 96, "fields": {"name": "Classroom96", "capacity": 69, "max_ta": 2, "building": 14}}, {"model": "scheduler.classroom", "pk": 97, "fields": {"name": "Classroom97", "capacity": 65, "max_ta": 3, "building": 13}}, {"model": "scheduler.classroom", "pk": 98, "fields": {"name": "Classroom98", "capacity": 82, "max_ta": 3, "building": 5}}, {"model": "scheduler.classroom", "pk": 99, "fields": {"name": "Classroom99", "capacity": 67, "max_ta": 2, "building": 12}}, {"model": "scheduler.course", "pk": 0, "fields": {"code": "Course 300", "capacity": 94, "building": 2}}, {"model": "scheduler.course", "pk": 1, "fields": {"code": "Course 401", "capacity": 59, "building": 6}}, {"model": "scheduler.course", "pk": 2, "fields": {"code": "Course 102", "capacity": 87, "building": 19}}, {"model": "scheduler.course", "pk": 3, "fields": {"code": "Course 503", "capacity": 82, "building": 12}}, {"model": "scheduler.course", "pk": 4, "fields": {"code": "Course 504", "capacity": 58, "building": 14}}, {"model": "scheduler.course", "pk": 5, "fields": {"code": "Course 105", "capacity": 58, "building": 0}}, {"model": "scheduler.course", "pk": 6, "fields": {"code": "Course 606", "capacity": 74, "building": 16}}, {"model": "scheduler.course", "pk": 7, "fields": {"code": "Course 407", "capacity": 69, "building": 3}}, {"model": "scheduler.course", "pk": 8, "fields": {"code": "Course 108", "capacity": 43, "building": 15}}, {"model": "scheduler.course", "pk": 9, "fields": {"code": "Course 109", "capacity": 58, "building": 6}}, {"model": "scheduler.course", "pk": 10, "fields": {"code": "Course 3010", "capacity": 58, "building": 9}}, {"model": "scheduler.course", "pk": 11, "fields": {"code": "Course 5011", "capacity": 70, "building": 4}}, {"model": "scheduler.course", "pk": 12, "fields": {"code": "Course 2012", "capacity": 71, "building": 0}}, {"model": "scheduler.course", "pk": 13, "fields": {"code": "Course 5013", "capacity": 77, "building": 9}}, {"model": "scheduler.course", "pk": 14, "fields": {"code": "Course 3014", "capacity": 85, "building": 2}}, {"model": "scheduler.course", "pk": 15, "fields": {"code": "Course 1015", "capacity": 69, "building": 17}}, {"model": "scheduler.course", "pk": 16, "fields": {"code": "Course 3016", "capacity": 83, "building": 4}}, {"model": "scheduler.course", "pk": 17, "fields": {"code": "Course 5017", "capacity": 48, "building": 7}}, {"model": "scheduler.course", "pk": 18, "fields": {"code": "Course 5018", "capacity": 62, "building": 12}}, {"model": "scheduler.course", "pk": 19, "fields": {"code": "Course 5019", "capacity": 39, "building": 17}}, {"model": "scheduler.course", "pk": 20, "fields": {"code": "Course 5020", "capacity": 98, "building": 13}}, {"model": "scheduler.course", "pk": 21, "fields": {"code": "Course 2021", "capacity": 84, "building": 14}}, {"model": "scheduler.course", "pk": 22, "fields": {"code": "Course 6022", "capacity": 53, "building": 14}}, {"model": "scheduler.course", "pk": 23, "fields": {"code": "Course 1023", "capacity": 47, "building": 14}}, {"model": "scheduler.course", "pk": 24, "fields": {"code": "Course 5024", "capacity": 84, "building": 8}}, {"model": "scheduler.course", "pk": 25, "fields": {"code": "Course 5025", "capacity": 59, "building": 5}}, {"model": "scheduler.course", "pk": 26, "fields": {"code": "Course 5026", "capacity": 96, "building": 13}}, {"model": "scheduler.course", "pk": 27, "fields": {"code": "Course 2027", "capacity": 35, "building": 16}}, {"model": "scheduler.course", "pk": 28, "fields": {"code": "Course 4028", "capacity": 67, "building": 8}}, {"model": "scheduler.course", "pk": 29, "fields": {"code": "Course 1029", "capacity": 36, "building": 16}}, {"model": "scheduler.course", "pk": 30, "fields": {"code": "Course 3030", "capacity": 93, "building": 2}}, {"model": "scheduler.course", "pk": 31, "fields": {"code": "Course 6031", "capacity": 94, "building": 14}}, {"model": "scheduler.course", "pk": 32, "fields": {"code": "Course 5032", "capacity": 58, "building": 3}}, {"model": "scheduler.course", "pk": 33, "fields": {"code": "Course 4033", "capacity": 51, "building": 13}}, {"model": "scheduler.course", "pk": 34, "fields": {"code": "Course 4034", "capacity": 46, "building": 15}}, {"model": "scheduler.course", "pk": 35, "fields": {"code": "Course 5035", "capacity": 41, "building": 3}}, {"model": "scheduler.course", "pk": 36, "fields": {"code": "Course 1036", "capacity": 82, "building": 3}}, {"model": "scheduler.course", "pk": 37, "fields": {"code": "Course 3037", "capacity": 53, "building": 16}}, {"model": "scheduler.course", "pk": 38, "fields": {"code": "Course 5038", "capacity": 75, "building": 1}}, {"model": "scheduler.course", "pk": 39, "fields": {"code": "Course 1039", "capacity": 45, "building": 12}}, {"model": "scheduler.course", "pk": 40, "fields": {"code": "Course 4040", "capacity": 87, "building": 5}}, {"model": "scheduler.course", "pk": 41, "fields": {"code": "Course 5041", "capacity": 77, "building": 1}}, {"model": "scheduler.course", "pk": 42, "fields": {"code": "Course 1042", "capacity": 46, "building": 7}}, {"model": "scheduler.course", "pk": 43, "fields": {"code": "Course 3043", "capacity": 72, "building": 18}}, {"model": "scheduler.course", "pk": 44, "fields": {"code": "Course 2044", "capacity": 49, "building": 15}}, {"model": "scheduler.course", "pk": 45, "fields": {"code": "Course 2045", "capacity": 50, "building": 2}}, {"model": "scheduler.course", "pk": 46, "fields": {"code": "Course 1046", "capacity": 44, "building": 17}}, {"model": "scheduler.course", "pk": 47, "fields": {"code": "Course 4047", "capacity": 68, "building": 15}}, {"model": "scheduler.course", "pk": 48, "fields": {"code": "Course 4048", "capacity": 69, "building": 17}}, {"model": "scheduler.course", "pk": 49, "fields": {"code": "Course 4049", "capacity": 67, "building": 1}}, {"model": "scheduler.course", "pk": 50, "fields": {"code": "Course 3050", "capacity": 66, "building": 14}}, {"model": "scheduler.course", "pk": 51, "fields": {"code": "Course 1051", "capacity": 46, "building": 4}}, {"model": "scheduler.course", "pk": 52, "fields": {"code": "Course 5052", "capacity": 66, "building": 5}}, {"model": "scheduler.course", "pk": 53, "fields": {"code": "Course 5053", "capacity": 69, "building": 7}}, {"model": "scheduler.course", "pk": 54, "fields": {"code": "Course 6054", "capacity": 68, "building": 3}}, {"model": "scheduler.course", "pk": 55, "fields": {"code": "Course 6055", "capacity": 80, "building": 2}}, {"model": "scheduler.course", "pk": 56, "fields": {"code": "Course 3056", "capacity": 78, "building": 11}}, {"model": "scheduler.course", "pk": 57, "fields": {"code": "Course 6057", "capacity": 90, "building": 19}}, {"model": "scheduler.course", "pk": 58, "fields": {"code": "Course 3058", "capacity": 75, "building": 8}}, {"model": "scheduler.course", "pk": 59, "fields": {"code": "Course 2059", "capacity": 65, "building": 15}}, {"model": "scheduler.course", "pk": 60, "fields": {"code": "Course 1060", "capacity": 92, "building": 4}}, {"model": "scheduler.course", "pk": 61, "fields": {"code": "Course 1061", "capacity": 98, "building": 4}}, {"model": "scheduler.course", "pk": 62, "fields": {"code": "Course 2062", "capacity": 46, "building": 14}}, {"model": "scheduler.course", "pk": 63, "fields": {"code": "Course 4063", "capacity": 59, "building": 14}}, {"model": "scheduler.course", "pk": 64, "fields": {"code": "Course 6064", "capacity": 38, "building": 8}}, {"model": "scheduler.course", "pk": 65, "fields": {"code": "Course 1065", "capacity": 70, "building": 3}}, {"model": "scheduler.course", "pk": 66, "fields": {"code": "Course 2066", "capacity": 52, "building": 5}}, {"model": "scheduler.course", "pk": 67, "fields": {"code": "Course 5067", "capacity": 66, "building": 18}}, {"model": "scheduler.course", "pk": 68, "fields": {"code": "Course 2068", "capacity": 45, "building": 18}}, {"model": "scheduler.course", "pk": 69, "fields": {"code": "Course 5069", "capacity": 47, "building": 15}}, {"model": "scheduler.course", "pk": 70, "fields": {"code": "Course 1070", "capacity": 54, "building": 4}}, {"model": "scheduler.course", "pk": 71, "fields": {"code": "Course 4071", "capacity": 70, "building": 19}}, {"model": "scheduler.course", "pk": 72, "fields": {"code": "Course 5072", "capacity": 73, "building": 6}}, {"model": "scheduler.course", "pk": 73, "fields": {"code": "Course 3073", "capacity": 83, "building": 14}}, {"model": "scheduler.course", "pk": 74, "fields": {"code": "Course 1074", "capacity": 38, "building": 17}}, {"model": "scheduler.course", "pk": 75, "fields": {"code": "Course 1075", "capacity": 58, "building": 2}}, {"model": "scheduler.course", "pk": 76, "fields": {"code": "Course 4076", "capacity": 36, "building": 10}}, {"model": "scheduler.course", "pk": 77, "fields": {"code": "Course 1077", "capacity": 69, "building": 17}}, {"model": "scheduler.course", "pk": 78, "fields": {"code": "Course 3078", "capacity": 96, "building": 10}}, {"model": "scheduler.course", "pk": 79, "fields": {"code": "Course 6079", "capacity": 53, "building": 5}}, {"model": "scheduler.course", "pk": 80, "fields": {"code": "Course 6080", "capacity": 80, "building": 14}}, {"model": "scheduler.course", "pk": 81, "fields": {"code": "Course 4081", "capacity": 72, "building": 13}}, {"model": "scheduler.course", "pk": 82, "fields": {"code": "Course 4082", "capacity": 52, "building": 0}}, {"model": "scheduler.course", "pk": 83, "fields": {"code": "Course 3083", "capacity": 40, "building": 1}}, {"model": "scheduler.course", "pk": 84, "fields": {"code": "Course 4084", "capacity": 84, "building": 4}}, {"model": "scheduler.course", "pk": 85, "fields": {"code": "Course 2085", "capacity": 55, "building": 0}}, {"model": "scheduler.course", "pk": 86, "fields": {"code": "Course 1086", "capacity": 88, "building": 8}}, {"model": "scheduler.course", "pk": 87, "fields": {"code": "Course 2087", "capacity": 85, "building": 19}}, {"model": "scheduler.course", "pk": 88, "fields": {"code": "Course 2088", "capacity": 67, "building": 6}}, {"model": "scheduler.course", "pk": 89, "fields": {"code": "Course 1089", "capacity": 87, "building": 3}}, {"model": "scheduler.course", "pk": 90, "fields": {"code": "Course 5090", "capacity": 35, "building": 11}}, {"model": "scheduler.course", "pk": 91, "fields": {"code": "Course 1091", "capacity": 65, "building": 13}}, {"model": "scheduler.course", "pk": 92, "fields": {"code": "Course 2092", "capacity": 68, "building": 1}}, {"model": "scheduler.course", "pk": 93, "fields": {"code": "Course 4093", "capacity": 57, "building": 12}}, {"model": "scheduler.course", "pk": 94, "fields": {"code": "Course 6094", "capacity": 76, "building": 8}}, {"model": "scheduler.course", "pk": 95, "fields": {"code": "Course 2095", "capacity": 57, "building": 6}}, {"model": "scheduler.course", "pk": 96, "fields": {"code": "Course 6096", "capacity": 48, "building": 13}}, {"model": "scheduler.course", "pk": 97, "fields": {"code": "Course 6097", "capacity": 84, "building": 19}}, {"model": "scheduler.course", "pk": 98, "fields": {"code": "Course 6098", "capacity": 91, "building": 12}}, {"model": "scheduler.course", "pk": 99, "fields": {"code": "Course 2099", "capacity": 98, "building": 2}}, {"model": "scheduler.exam", "pk": 2561, "fields": {"start_time": "2017-12-05T10:00:00", "end_time": "2017-12-05T12:00:00", "type": "MIDTERM", "course": 20}}, {"model": "scheduler.exam", "pk": 2562, "fields": {"start_time": "2017-12-10T14:00:00", "end_time": "2017-12-10T16:00:00", "type": "MIDTERM", "course": 61}}, {"model": "scheduler.exam", "pk": 2563, "fields": {"start_time": "2017-12-04T13:00:00", "end_time": "2017-12-04T15:00:00", "type": "MIDTERM", "course": 99}}, {"model": "scheduler.exam", "pk": 2564, "fields": {"start_time": "2017-12-06T10:00:00", "end_time": "2017-12-06T12:00:00", "type": "MIDTERM", "course": 26}}, {"model": "scheduler.exam", "pk": 2565, "fields": {"start_time": "2017-12-10T11:00:00", "end_time": "2017-12-10T13:00:00", "type": "MIDTERM", "course": 78}}, {"model": "scheduler.exam", "pk": 2566, "fields": {"start_time": "2017-12-16T14:00:00", "end_time": "2017-12-16T16:00:00", "type": "MIDTERM", "course": 0}}, {"model": "scheduler.exam", "pk": 2567, "fields": {"start_time": "2017-12-10T11:00:00", "end_time": "2017-12-10T13:00:00", "type": "MIDTERM", "course": 31}}, {"model": "scheduler.exam", "pk": 2568, "fields": {"start_time": "2017-12-08T15:00:00", "end_time": "2017-12-08T17:00:00", "type": "MIDTERM", "course": 30}}, {"model": "scheduler.exam", "pk": 2569, "fields": {"start_time": "2017-12-16T16:00:00", "end_time": "2017-12-16T18:00:00", "type": "MIDTERM", "course": 60}}, {"model": "scheduler.exam", "pk": 2570, "fields": {"start_time": "2017-12-03T08:00:00", "end_time": "2017-12-03T10:00:00", "type": "MIDTERM", "course": 98}}, {"model": "scheduler.exam", "pk": 2571, "fields": {"start_time": "2017-12-14T09:00:00", "end_time": "2017-12-14T11:00:00", "type": "MIDTERM", "course": 57}}, {"model": "scheduler.exam", "pk": 2572, "fields": {"start_time": "2017-12-08T10:00:00", "end_time": "2017-12-08T12:00:00", "type": "MIDTERM", "course": 86}}, {"model": "scheduler.exam", "pk": 2573, "fields": {"start_time": "2017-12-14T12:00:00", "end_time": "2017-12-14T14:00:00", "type": "MIDTERM", "course": 2}}, {"model": "scheduler.exam", "pk": 2574, "fields": {"start_time": "2017-12-04T09:00:00", "end_time": "2017-12-04T11:00:00", "type": "MIDTERM", "course": 40}}, {"model": "scheduler.exam", "pk": 2575, "fields": {"start_time": "2017-12-15T11:00:00", "end_time": "2017-12-15T13:00:00", "type": "MIDTERM", "course": 89}}, {"model": "scheduler.exam", "pk": 2576, "fields": {"start_time": "2017-12-08T11:00:00", "end_time": "2017-12-08T13:00:00", "type": "MIDTERM", "course": 14}}, {"model": "scheduler.exam", "pk": 2577, "fields": {"start_time": "2017-12-17T11:00:00", "end_time": "2017-12-17T13:00:00", "type": "MIDTERM", "course": 87}}, {"model": "scheduler.exam", "pk": 2578, "fields": {"start_time": "2017-12-03T16:00:00", "end_time": "2017-12-03T18:00:00", "type": "MIDTERM", "course": 21}}, {"model": "scheduler.exam", "pk": 2579, "fields": {"start_time": "2017-12-11T08:00:00", "end_time": "2017-12-11T10:00:00", "type": "MIDTERM", "course": 24}}, {"model": "scheduler.exam", "pk": 2580, "fields": {"start_time": "2017-12-05T11:00:00", "end_time": "2017-12-05T13:00:00", "type": "MIDTERM", "course": 84}}, {"model": "scheduler.exam", "pk": 2581, "fields": {"start_time": "2017-12-09T09:00:00", "end_time": "2017-12-09T11:00:00", "type": "MIDTERM", "course": 97}}, {"model": "scheduler.exam", "pk": 2582, "fields": {"start_time": "2017-12-08T14:00:00", "end_time": "2017-12-08T16:00:00", "type": "MIDTERM", "course": 16}}, {"model": "scheduler.exam", "pk": 2583, "fields": {"start_time": "2017-12-10T08:00:00", "end_time": "2017-12-10T10:00:00", "type": "MIDTERM", "course": 73}}, {"model": "scheduler.exam", "pk": 2584, "fields": {"start_time": "2017-12-06T15:00:00", "end_time": "2017-12-06T17:00:00", "type": "MIDTERM", "course": 3}}, {"model": "scheduler.exam", "pk": 2585, "fields": {"start_time": "2017-12-13T09:00:00", "end_time": "2017-12-13T11:00:00", "type": "MIDTERM", "course": 36}}, {"model": "scheduler.exam", "pk": 2586, "fields": {"start_time": "2017-12-15T14:00:00", "end_time": "2017-12-15T16:00:00", "type": "MIDTERM", "course": 55}}, {"model": "scheduler.exam", "pk": 2587, "fields": {"start_time": "2017-12-10T10:00:00", "end_time": "2017-12-10T12:00:00", "type": "MIDTERM", "course": 80}}, {"model": "scheduler.exam", "pk": 2588, "fields": {"start_time": "2017-12-08T08:00:00", "end_time": "2017-12-08T10:00:00", "type": "MIDTERM", "course": 56}}, {"model": "scheduler.exam", "pk": 2589, "fields": {"start_time": "2017-12-15T16:00:00", "end_time": "2017-12-15T18:00:00", "type": "MIDTERM", "course": 13}}, {"model": "scheduler.exam", "pk": 2590, "fields": {"start_time": "2017-12-04T08:00:00", "end_time": "2017-12-04T10:00:00", "type": "MIDTERM", "course": 41}}, {"model": "scheduler.exam", "pk": 2591, "fields": {"start_time": "2017-12-11T09:00:00", "end_time": "2017-12-11T11:00:00", "type": "MIDTERM", "course": 94}}, {"model": "scheduler.exam", "pk": 2592, "fields": {"start_time": "2017-12-12T17:00:00", "end_time": "2017-12-12T19:00:00", "type": "MIDTERM", "course": 38}}, {"model": "scheduler.exam", "pk": 2593, "fields": {"start_time": "2017-12-11T16:00:00", "end_time": "2017-12-11T18:00:00", "type": "MIDTERM", "course": 58}}, {"model": "scheduler.exam", "pk": 2594, "fields": {"start_time": "2017-12-04T17:00:00", "end_time": "2017-12-04T19:00:00", "type": "MIDTERM", "course": 6}}, {"model": "scheduler.exam", "pk": 2595, "fields": {"start_time": "2017-12-06T16:00:00", "end_time": "2017-12-06T18:00:00", "type": "MIDTERM", "course": 72}}, {"model": "scheduler.exam", "pk": 2596, "fields": {"start_time": "2017-12-14T11:00:00", "end_time": "2017-12-14T13:00:00", "type": "MIDTERM", "course": 43}}, {"model": "scheduler.exam", "pk": 2597, "fields": {"start_time": "2017-12-14T11:00:00", "end_time": "2017-12-14T13:00:00", "type": "MIDTERM", "course": 81}}, {"model": "scheduler.exam", "pk": 2598, "fields": {"start_time": "2017-12-17T10:00:00", "end_time": "2017-12-17T12:00:00", "type": "MIDTERM", "course": 12}}, {"model": "scheduler.exam", "pk": 2599, "fields": {"start_time": "2017-12-13T10:00:00", "end_time": "2017-12-13T12:00:00", "type": "MIDTERM", "course": 11}}, {"model": "scheduler.exam", "pk": 2600, "fields": {"start_time": "2017-12-09T14:00:00", "end_time": "2017-12-09T16:00:00", "type": "MIDTERM", "course": 65}}, {"model": "scheduler.exam", "pk": 2601, "fields": {"start_time": "2017-12-10T13:00:00", "end_time": "2017-12-10T15:00:00", "type": "MIDTERM", "course": 71}}, {"model": "scheduler.exam", "pk": 2602, "fields": {"start_time": "2017-12-13T17:00:00", "end_time": "2017-12-13T19:00:00", "type": "MIDTERM", "course": 7}}, {"model": "scheduler.exam", "pk": 2603, "fields": {"start_time": "2017-12-16T09:00:00", "end_time": "2017-12-16T11:00:00", "type": "MIDTERM", "course": 15}}, {"model": "scheduler.exam", "pk": 2604, "fields": {"start_time": "2017-12-10T15:00:00", "end_time": "2017-12-10T17:00:00", "type": "MIDTERM", "course": 48}}, {"model": "scheduler.exam", "pk": 2605, "fields": {"start_time": "2017-12-12T08:00:00", "end_time": "2017-12-12T10:00:00", "type": "MIDTERM", "course": 53}}, {"model": "scheduler.exam", "pk": 2606, "fields": {"start_time": "2017-12-07T11:00:00", "end_time": "2017-12-07T13:00:00", "type": "MIDTERM", "course": 77}}, {"model": "scheduler.exam", "pk": 2607, "fields": {"start_time": "2017-12-05T11:00:00", "end_time": "2017-12-05T13:00:00", "type": "MIDTERM", "course": 47}}, {"model": "scheduler.exam", "pk": 2608, "fields": {"start_time": "2017-12-16T15:00:00", "end_time": "2017-12-16T17:00:00", "type": "MIDTERM", "course": 54}}, {"model": "scheduler.exam", "pk": 2609, "fields": {"start_time": "2017-12-03T12:00:00", "end_time": "2017-12-03T14:00:00", "type": "MIDTERM", "course": 92}}, {"model": "scheduler.exam", "pk": 2610, "fields": {"start_time": "2017-12-07T11:00:00", "end_time": "2017-12-07T13:00:00", "type": "MIDTERM", "course": 28}}, {"model": "scheduler.exam", "pk": 2611, "fields": {"start_time": "2017-12-15T08:00:00", "end_time": "2017-12-15T10:00:00", "type": "MIDTERM", "course": 49}}, {"model": "scheduler.exam", "pk": 2612, "fields": {"start_time": "2017-12-16T11:00:00", "end_time": "2017-12-16T13:00:00", "type": "MIDTERM", "course": 88}}, {"model": "scheduler.exam", "pk": 2613, "fields": {"start_time": "2017-12-13T13:00:00", "end_time": "2017-12-13T15:00:00", "type": "MIDTERM", "course": 50}}, {"model": "scheduler.exam", "pk": 2614, "fields": {"start_time": "2017-12-15T11:00:00", "end_time": "2017-12-15T13:00:00", "type": "MIDTERM", "course": 52}}, {"model": "scheduler.exam", "pk": 2615, "fields": {"start_time": "2017-12-12T17:00:00", "end_time": "2017-12-12T19:00:00", "type": "MIDTERM", "course": 67}}, {"model": "scheduler.exam", "pk": 2616, "fields": {"start_time": "2017-12-10T13:00:00", "end_time": "2017-12-10T15:00:00", "type": "MIDTERM", "course": 59}}, {"model": "scheduler.exam", "pk": 2617, "fields": {"start_time": "2017-12-06T09:00:00", "end_time": "2017-12-06T11:00:00", "type": "MIDTERM", "course": 91}}, {"model": "scheduler.exam", "pk": 2618, "fields": {"start_time": "2017-12-08T16:00:00", "end_time": "2017-12-08T18:00:00", "type": "MIDTERM", "course": 18}}, {"model": "scheduler.exam", "pk": 2619, "fields": {"start_time": "2017-12-15T11:00:00", "end_time": "2017-12-15T13:00:00", "type": "MIDTERM", "course": 1}}, {"model": "scheduler.exam", "pk": 2620, "fields": {"start_time": "2017-12-06T12:00:00", "end_time": "2017-12-06T14:00:00", "type": "MIDTERM", "course": 25}}, {"model": "scheduler.exam", "pk": 2621, "fields": {"start_time": "2017-12-04T09:00:00", "end_time": "2017-12-04T11:00:00", "type": "MIDTERM", "course": 63}}, {"model": "scheduler.exam", "pk": 2622, "fields": {"start_time": "2017-12-07T12:00:00", "end_time": "2017-12-07T14:00:00", "type": "MIDTERM", "course": 4}}, {"model": "scheduler.exam", "pk": 2623, "fields": {"start_time": "2017-12-16T08:00:00", "end_time": "2017-12-16T10:00:00", "type": "MIDTERM", "course": 5}}, {"model": "scheduler.exam", "pk": 2624, "fields": {"start_time": "2017-12-16T10:00:00", "end_time": "2017-12-16T12:00:00", "type": "MIDTERM", "course": 9}}, {"model": "scheduler.exam", "pk": 2625, "fields": {"start_time": "2017-12-11T09:00:00", "end_time": "2017-12-11T11:00:00", "type": "MIDTERM", "course": 10}}, {"model": "scheduler.exam", "pk": 2626, "fields": {"start_time": "2017-12-07T14:00:00", "end_time": "2017-12-07T16:00:00", "type": "MIDTERM", "course": 32}}, {"model": "scheduler.exam", "pk": 2627, "fields": {"start_time": "2017-12-03T09:00:00", "end_time": "2017-12-03T11:00:00", "type": "MIDTERM", "course": 75}}, {"model": "scheduler.exam", "pk": 2628, "fields": {"start_time": "2017-12-15T15:00:00", "end_time": "2017-12-15T17:00:00", "type": "MIDTERM", "course": 93}}, {"model": "scheduler.exam", "pk": 2629, "fields": {"start_time": "2017-12-10T08:00:00", "end_time": "2017-12-10T10:00:00", "type": "MIDTERM", "course": 95}}, {"model": "scheduler.exam", "pk": 2630, "fields": {"start_time": "2017-12-07T14:00:00", "end_time": "2017-12-07T16:00:00", "type": "MIDTERM", "course": 85}}, {"model": "scheduler.exam", "pk": 2631, "fields": {"start_time": "2017-12-07T15:00:00", "end_time": "2017-12-07T17:00:00", "type": "MIDTERM", "course": 70}}, {"model": "scheduler.exam", "pk": 2632, "fields": {"start_time": "2017-12-14T16:00:00", "end_time": "2017-12-14T18:00:00", "type": "MIDTERM", "course": 22}}, {"model": "scheduler.exam", "pk": 2633, "fields": {"start_time": "2017-12-16T17:00:00", "end_time": "2017-12-16T19:00:00", "type": "MIDTERM", "course": 37}}, {"model": "scheduler.exam", "pk": 2634, "fields": {"start_time": "2017-12-07T10:00:00", "end_time": "2017-12-07T12:00:00", "type": "MIDTERM", "course": 79}}, {"model": "scheduler.exam", "pk": 2635, "fields": {"start_time": "2017-12-08T17:00:00", "end_time": "2017-12-08T19:00:00", "type": "MIDTERM", "course": 66}}, {"model": "scheduler.exam", "pk": 2636, "fields": {"start_time": "2017-12-09T11:00:00", "end_time": "2017-12-09T13:00:00", "type": "MIDTERM", "course": 82}}, {"model": "scheduler.exam", "pk": 2637, "fields": {"start_time": "2017-12-07T10:00:00", "end_time": "2017-12-07T12:00:00", "type": "MIDTERM", "course": 33}}, {"model": "scheduler.exam", "pk": 2638, "fields": {"start_time": "2017-12-09T11:00:00", "end_time": "2017-12-09T13:00:00", "type": "MIDTERM", "course": 45}}, {"model": "scheduler.exam", "pk": 2639, "fields": {"start_time": "2017-12-08T12:00:00", "end_time": "2017-12-08T14:00:00", "type": "MIDTERM", "course": 44}}, {"model": "scheduler.exam", "pk": 2640, "fields": {"start_time": "2017-12-13T17:00:00", "end_time": "2017-12-13T19:00:00", "type": "MIDTERM", "course": 17}}, {"model": "scheduler.exam", "pk": 2641, "fields": {"start_time": "2017-12-16T12:00:00", "end_time": "2017-12-16T14:00:00", "type": "MIDTERM", "course": 96}}, {"model": "scheduler.exam", "pk": 2642, "fields": {"start_time": "2017-12-04T08:00:00", "end_time": "2017-12-04T10:00:00", "type": "MIDTERM", "course": 23}}, {"model": "scheduler.exam", "pk": 2643, "fields": {"start_time": "2017-12-04T15:00:00", "end_time": "2017-12-04T17:00:00", "type": "MIDTERM", "course": 69}}, {"model": "scheduler.exam", "pk": 2644, "fields": {"start_time": "2017-12-11T16:00:00", "end_time": "2017-12-11T18:00:00", "type": "MIDTERM", "course": 34}}, {"model": "scheduler.exam", "pk": 2645, "fields": {"start_time": "2017-12-06T08:00:00", "end_time": "2017-12-06T10:00:00", "type": "MIDTERM", "course": 42}}, {"model": "scheduler.exam", "pk": 2646, "fields": {"start_time": "2017-12-11T13:00:00", "end_time": "2017-12-11T15:00:00", "type": "MIDTERM", "course": 51}}, {"model": "scheduler.exam", "pk": 2647, "fields": {"start_time": "2017-12-15T13:00:00", "end_time": "2017-12-15T15:00:00", "type": "MIDTERM", "course": 62}}, {"model": "scheduler.exam", "pk": 2648, "fields": {"start_time": "2017-12-17T16:00:00", "end_time": "2017-12-17T18:00:00", "type": "MIDTERM", "course": 39}}, {"model": "scheduler.exam", "pk": 2649, "fields": {"start_time": "2017-12-04T15:00:00", "end_time": "2017-12-04T17:00:00", "type": "MIDTERM", "course": 68}}, {"model": "scheduler.exam", "pk": 2650, "fields": {"start_time": "2017-12-04T08:00:00", "end_time": "2017-12-04T10:00:00", "type": "MIDTERM", "course": 46}}, {"model": "scheduler.exam", "pk": 2651, "fields": {"start_time": "2017-12-06T08:00:00", "end_time": "2017-12-06T10:00:00", "type": "MIDTERM", "course": 8}}, {"model": "scheduler.exam", "pk": 2652, "fields": {"start_time": "2017-12-13T11:00:00", "end_time": "2017-12-13T13:00:00", "type": "MIDTERM", "course": 35}}, {"model": "scheduler.exam", "pk": 2653, "fields": {"start_time": "2017-12-17T15:00:00", "end_time": "2017-12-17T17:00:00", "type": "MIDTERM", "course": 83}}, {"model": "scheduler.exam", "pk": 2654, "fields": {"start_time": "2017-12-12T12:00:00", "end_time": "2017-12-12T14:00:00", "type": "MIDTERM", "course": 19}}, {"model": "scheduler.exam", "pk": 2655, "fields": {"start_time": "2017-12-05T11:00:00", "end_time": "2017-12-05T13:00:00", "type": "MIDTERM", "course": 64}}, {"model": "scheduler.exam", "pk": 2656, "fields": {"start_time": "2017-12-11T11:00:00", "end_time": "2017-12-11T13:00:00", "type": "MIDTERM", "course": 74}}, {"model": "scheduler.exam", "pk": 2657, "fields": {"start_time": "2017-12-04T14:00:00", "end_time": "2017-12-04T16:00:00", "type": "MIDTERM", "course": 29}}, {"model": "scheduler.exam", "pk": 2658, "fields": {"start_time": "2017-12-11T12:00:00", "end_time": "2017-12-11T14:00:00", "type": "MIDTERM", "course": 76}}, {"model": "scheduler.exam", "pk": 2659, "fields": {"start_time": "2017-12-15T13:00:00", "end_time": "2017-12-15T15:00:00", "type": "MIDTERM", "course": 27}}, {"model": "scheduler.exam", "pk": 2660, "fields": {"start_time": "2017-12-05T17:00:00", "end_time": "2017-12-05T19:00:00", "type": "MIDTERM", "course": 90}}, {"model": "scheduler.exam", "pk": 2661, "fields": {"start_time": "2018-02-09T17:00:00", "end_time": "2018-02-09T19:00:00", "type": "FINAL", "course": 20}}, {"model": "scheduler.exam", "pk": 2662, "fields": {"start_time": "2018-02-04T09:00:00", "end_time": "2018-02-04T11:00:00", "type": "FINAL", "course": 61}}, {"model": "scheduler.exam", "pk": 2663, "fields": {"start_time": "2018-02-10T10:00:00", "end_time": "2018-02-10T12:00:00", "type": "FINAL", "course": 99}}, {"model": "scheduler.exam", "pk": 2664, "fields": {"start_time": "2018-02-01T14:00:00", "end_time": "2018-02-01T16:00:00", "type": "FINAL", "course": 26}}, {"model": "scheduler.exam", "pk": 2665, "fields": {"start_time": "2018-01-31T08:00:00", "end_time": "2018-01-31T10:00:00", "type": "FINAL", "course": 78}}, {"model": "scheduler.exam", "pk": 2666, "fields": {"start_time": "2018-01-29T09:00:00", "end_time": "2018-01-29T11:00:00", "type": "FINAL", "course": 0}}, {"model": "scheduler.exam", "pk": 2667, "fields": {"start_time": "2018-02-06T11:00:00", "end_time": "2018-02-06T13:00:00", "type": "FINAL", "course": 31}}, {"model": "scheduler.exam", "pk": 2668, "fields": {"start_time": "2018-02-05T14:00:00", "end_time": "2018-02-05T16:00:00", "type": "FINAL", "course": 30}}, {"model": "scheduler.exam", "pk": 2669, "fields": {"start_time": "2018-02-02T14:00:00", "end_time": "2018-02-02T16:00:00", "type": "FINAL", "course": 60}}, {"model": "scheduler.exam", "pk": 2670, "fields": {"start_time": "2018-02-05T14:00:00", "end_time": "2018-02-05T16:00:00", "type": "FINAL", "course": 98}}, {"model": "scheduler.exam", "pk": 2671, "fields": {"start_time": "2018-02-11T11:00:00", "end_time": "2018-02-11T13:00:00", "type": "FINAL", "course": 57}}, {"model": "scheduler.exam", "pk": 2672, "fields": {"start_time": "2018-02-06T14:00:00", "end_time": "2018-02-06T16:00:00", "type": "FINAL", "course": 86}}, {"model": "scheduler.exam", "pk": 2673, "fields": {"start_time": "2018-02-05T15:00:00", "end_time": "2018-02-05T17:00:00", "type": "FINAL", "course": 2}}, {"model": "scheduler.exam", "pk": 2674, "fields": {"start_time": "2018-01-29T17:00:00", "end_time": "2018-01-29T19:00:00", "type": "FINAL", "course": 40}}, {"model": "scheduler.exam", "pk": 2675, "fields": {"start_time": "2018-02-06T14:00:00", "end_time": "2018-02-06T16:00:00", "type": "FINAL", "course": 89}}, {"model": "scheduler.exam", "pk": 2676, "fields": {"start_time": "2018-02-07T09:00:00", "end_time": "2018-02-07T11:00:00", "type": "FINAL", "course": 14}}, {"model": "scheduler.exam", "pk": 2677, "fields": {"start_time": "2018-02-08T16:00:00", "end_time": "2018-02-08T18:00:00", "type": "FINAL", "course": 87}}, {"model": "scheduler.exam", "pk": 2678, "fields": {"start_time": "2018-02-03T09:00:00", "end_time": "2018-02-03T11:00:00", "type": "FINAL", "course": 21}}, {"model": "scheduler.exam", "pk": 2679, "fields": {"start_time": "2018-02-04T11:00:00", "end_time": "2018-02-04T13:00:00", "type": "FINAL", "course": 24}}, {"model": "scheduler.exam", "pk": 2680, "fields": {"start_time": "2018-02-10T15:00:00", "end_time": "2018-02-10T17:00:00", "type": "FINAL", "course": 84}}, {"model": "scheduler.exam", "pk": 2681, "fields": {"start_time": "2018-02-03T08:00:00", "end_time": "2018-02-03T10:00:00", "type": "FINAL", "course": 97}}, {"model": "scheduler.exam", "pk": 2682, "fields": {"start_time": "2018-02-10T13:00:00", "end_time": "2018-02-10T15:00:00", "type": "FINAL", "course": 16}}, {"model": "scheduler.exam", "pk": 2683, "fields": {"start_time": "2018-02-02T11:00:00", "end_time": "2018-02-02T13:00:00", "type": "FINAL", "course": 73}}, {"model": "scheduler.exam", "pk": 2684, "fields": {"start_time": "2018-01-30T09:00:00", "end_time": "2018-01-30T11:00:00", "type": "FINAL", "course": 3}}, {"model": "scheduler.exam", "pk": 2685, "fields": {"start_time": "2018-01-28T13:00:00", "end_time": "2018-01-28T15:00:00", "type": "FINAL", "course": 36}}, {"model": "scheduler.exam", "pk": 2686, "fields": {"start_time": "2018-02-08T10:00:00", "end_time": "2018-02-08T12:00:00", "type": "FINAL", "course": 55}}, {"model": "scheduler.exam", "pk": 2687, "fields": {"start_time": "2018-01-31T10:00:00", "end_time": "2018-01-31T12:00:00", "type": "FINAL", "course": 80}}, {"model": "scheduler.exam", "pk": 2688, "fields": {"start_time": "2018-02-05T16:00:00", "end_time": "2018-02-05T18:00:00", "type": "FINAL", "course": 56}}, {"model": "scheduler.exam", "pk": 2689, "fields": {"start_time": "2018-02-09T17:00:00", "end_time": "2018-02-09T19:00:00", "type": "FINAL", "course": 13}}, {"model": "scheduler.exam", "pk": 2690, "fields": {"start_time": "2018-02-01T16:00:00", "end_time": "2018-02-01T18:00:00", "type": "FINAL", "course": 41}}, {"model": "scheduler.exam", "pk": 2691, "fields": {"start_time": "2018-02-05T14:00:00", "end_time": "2018-02-05T16:00:00", "type": "FINAL", "course": 94}}, {"model": "scheduler.exam", "pk": 2692, "fields": {"start_time": "2018-02-03T16:00:00", "end_time": "2018-02-03T18:00:00", "type": "FINAL", "course": 38}}, {"model": "scheduler.exam", "pk": 2693, "fields": {"start_time": "2018-02-07T12:00:00", "end_time": "2018-02-07T14:00:00", "type": "FINAL", "course": 58}}, {"model": "scheduler.exam", "pk": 2694, "fields": {"start_time": "2018-02-08T16:00:00", "end_time": "2018-02-08T18:00:00", "type": "FINAL", "course": 6}}, {"model": "scheduler.exam", "pk": 2695, "fields": {"start_time": "2018-02-11T08:00:00", "end_time": "2018-02-11T10:00:00", "type": "FINAL", "course": 72}}, {"model": "scheduler.exam", "pk": 2696, "fields": {"start_time": "2018-02-10T16:00:00", "end_time": "2018-02-10T18:00:00", "type": "FINAL", "course": 43}}, {"model": "scheduler.exam", "pk": 2697, "fields": {"start_time": "2018-01-31T13:00:00", "end_time": "2018-01-31T15:00:00", "type": "FINAL", "course": 81}}, {"model": "scheduler.exam", "pk": 2698, "fields": {"start_time": "2018-01-29T13:00:00", "end_time": "2018-01-29T15:00:00", "type": "FINAL", "course": 12}}, {"model": "scheduler.exam", "pk": 2699, "fields": {"start_time": "2018-01-29T12:00:00", "end_time": "2018-01-29T14:00:00", "type": "FINAL", "course": 11}}, {"model": "scheduler.exam", "pk": 2700, "fields": {"start_time": "2018-02-06T11:00:00", "end_time": "2018-02-06T13:00:00", "type": "FINAL", "course": 65}}, {"model": "scheduler.exam", "pk": 2701, "fields": {"start_time": "2018-02-04T15:00:00", "end_time": "2018-02-04T17:00:00", "type": "FINAL", "course": 71}}, {"model": "scheduler.exam", "pk": 2702, "fields": {"start_time": "2018-01-30T14:00:00", "end_time": "2018-01-30T16:00:00", "type": "FINAL", "course": 7}}, {"model": "scheduler.exam", "pk": 2703, "fields": {"start_time": "2018-02-06T10:00:00", "end_time": "2018-02-06T12:00:00", "type": "FINAL", "course": 15}}, {"model": "scheduler.exam", "pk": 2704, "fields": {"start_time": "2018-02-03T08:00:00", "end_time": "2018-02-03T10:00:00", "type": "FINAL", "course": 48}}, {"model": "scheduler.exam", "pk": 2705, "fields": {"start_time": "2018-02-04T09:00:00", "end_time": "2018-02-04T11:00:00", "type": "FINAL", "course": 53}}, {"model": "scheduler.exam", "pk": 2706, "fields": {"start_time": "2018-01-31T10:00:00", "end_time": "2018-01-31T12:00:00", "type": "FINAL", "course": 77}}, {"model": "scheduler.exam", "pk": 2707, "fields": {"start_time": "2018-02-02T09:00:00", "end_time": "2018-02-02T11:00:00", "type": "FINAL", "course": 47}}, {"model": "scheduler.exam", "pk": 2708, "fields": {"start_time": "2018-01-30T12:00:00", "end_time": "2018-01-30T14:00:00", "type": "FINAL", "course": 54}}, {"model": "scheduler.exam", "pk": 2709, "fields": {"start_time": "2018-02-02T13:00:00", "end_time": "2018-02-02T15:00:00", "type": "FINAL", "course": 92}}, {"model": "scheduler.exam", "pk": 2710, "fields": {"start_time": "2018-02-06T16:00:00", "end_time": "2018-02-06T18:00:00", "type": "FINAL", "course": 28}}, {"model": "scheduler.exam", "pk": 2711, "fields": {"start_time": "2018-02-04T09:00:00", "end_time": "2018-02-04T11:00:00", "type": "FINAL", "course": 49}}, {"model": "scheduler.exam", "pk": 2712, "fields": {"start_time": "2018-02-04T12:00:00", "end_time": "2018-02-04T14:00:00", "type": "FINAL", "course": 88}}, {"model": "scheduler.exam", "pk": 2713, "fields": {"start_time": "2018-02-09T11:00:00", "end_time": "2018-02-09T13:00:00", "type": "FINAL", "course": 50}}, {"model": "scheduler.exam", "pk": 2714, "fields": {"start_time": "2018-02-11T15:00:00", "end_time": "2018-02-11T17:00:00", "type": "FINAL", "course": 52}}, {"model": "scheduler.exam", "pk": 2715, "fields": {"start_time": "2018-02-05T12:00:00", "end_time": "2018-02-05T14:00:00", "type": "FINAL", "course": 67}}, {"model": "scheduler.exam", "pk": 2716, "fields": {"start_time": "2018-02-06T17:00:00", "end_time": "2018-02-06T19:00:00", "type": "FINAL", "course": 59}}, {"model": "scheduler.exam", "pk": 2717, "fields": {"start_time": "2018-02-07T14:00:00", "end_time": "2018-02-07T16:00:00", "type": "FINAL", "course": 91}}, {"model": "scheduler.exam", "pk": 2718, "fields": {"start_time": "2018-01-30T15:00:00", "end_time": "2018-01-30T17:00:00", "type": "FINAL", "course": 18}}, {"model": "scheduler.exam", "pk": 2719, "fields": {"start_time": "2018-01-28T09:00:00", "end_time": "2018-01-28T11:00:00", "type": "FINAL", "course": 1}}, {"model": "scheduler.exam", "pk": 2720, "fields": {"start_time": "2018-02-11T08:00:00", "end_time": "2018-02-11T10:00:00", "type": "FINAL", "course": 25}}, {"model": "scheduler.exam", "pk": 2721, "fields": {"start_time": "2018-02-09T11:00:00", "end_time": "2018-02-09T13:00:00", "type": "FINAL", "course": 63}}, {"model": "scheduler.exam", "pk": 2722, "fields": {"start_time": "2018-02-03T16:00:00", "end_time": "2018-02-03T18:00:00", "type": "FINAL", "course": 4}}, {"model": "scheduler.exam", "pk": 2723, "fields": {"start_time": "2018-02-06T15:00:00", "end_time": "2018-02-06T17:00:00", "type": "FINAL", "course": 5}}, {"model": "scheduler.exam", "pk": 2724, "fields": {"start_time": "2018-02-03T09:00:00", "end_time": "2018-02-03T11:00:00", "type": "FINAL", "course": 9}}, {"model": "scheduler.exam", "pk": 2725, "fields": {"start_time": "2018-01-28T08:00:00", "end_time": "2018-01-28T10:00:00", "type": "FINAL", "course": 10}}, {"model": "scheduler.exam", "pk": 2726, "fields": {"start_time": "2018-02-08T17:00:00", "end_time": "2018-02-08T19:00:00", "type": "FINAL", "course": 32}}, {"model": "scheduler.exam", "pk": 2727, "fields": {"start_time": "2018-02-07T08:00:00", "end_time": "2018-02-07T10:00:00", "type": "FINAL", "course": 75}}, {"model": "scheduler.exam", "pk": 2728, "fields": {"start_time": "2018-01-31T12:00:00", "end_time": "2018-01-31T14:00:00", "type": "FINAL", "course": 93}}, {"model": "scheduler.exam", "pk": 2729, "fields": {"start_time": "2018-02-05T13:00:00", "end_time": "2018-02-05T15:00:00", "type": "FINAL", "course": 95}}, {"model": "scheduler.exam", "pk": 2730, "fields": {"start_time": "2018-02-05T14:00:00", "end_time": "2018-02-05T16:00:00", "type": "FINAL", "course": 85}}, {"model": "scheduler.exam", "pk": 2731, "fields": {"start_time": "2018-02-01T17:00:00", "end_time": "2018-02-01T19:00:00", "type": "FINAL", "course": 70}}, {"model": "scheduler.exam", "pk": 2732, "fields": {"start_time": "2018-02-01T08:00:00", "end_time": "2018-02-01T10:00:00", "type": "FINAL", "course": 22}}, {"model": "scheduler.exam", "pk": 2733, "fields": {"start_time": "2018-02-01T16:00:00", "end_time": "2018-02-01T18:00:00", "type": "FINAL", "course": 37}}, {"model": "scheduler.exam", "pk": 2734, "fields": {"start_time": "2018-02-02T10:00:00", "end_time": "2018-02-02T12:00:00", "type": "FINAL", "course": 79}}, {"model": "scheduler.exam", "pk": 2735, "fields": {"start_time": "2018-02-08T12:00:00", "end_time": "2018-02-08T14:00:00", "type": "FINAL", "course": 66}}, {"model": "scheduler.exam", "pk": 2736, "fields": {"start_time": "2018-02-05T11:00:00", "end_time": "2018-02-05T13:00:00", "type": "FINAL", "course": 82}}, {"model": "scheduler.exam", "pk": 2737, "fields": {"start_time": "2018-02-01T09:00:00", "end_time": "2018-02-01T11:00:00", "type": "FINAL", "course": 33}}, {"model": "scheduler.exam", "pk": 2738, "fields": {"start_time": "2018-01-30T11:00:00", "end_time": "2018-01-30T13:00:00", "type": "FINAL", "course": 45}}, {"model": "scheduler.exam", "pk": 2739, "fields": {"start_time": "2018-02-05T11:00:00", "end_time": "2018-02-05T13:00:00", "type": "FINAL", "course": 44}}, {"model": "scheduler.exam", "pk": 2740, "fields": {"start_time": "2018-02-08T13:00:00", "end_time": "2018-02-08T15:00:00", "type": "FINAL", "course": 17}}, {"model": "scheduler.exam", "pk": 2741, "fields": {"start_time": "2018-02-04T14:00:00", "end_time": "2018-02-04T16:00:00", "type": "FINAL", "course": 96}}, {"model": "scheduler.exam", "pk": 2742, "fields": {"start_time": "2018-02-10T12:00:00", "end_time": "2018-02-10T14:00:00", "type": "FINAL", "course": 23}}, {"model": "scheduler.exam", "pk": 2743, "fields": {"start_time": "2018-01-31T08:00:00", "end_time": "2018-01-31T10:00:00", "type": "FINAL", "course": 69}}, {"model": "scheduler.exam", "pk": 2744, "fields": {"start_time": "2018-02-03T17:00:00", "end_time": "2018-02-03T19:00:00", "type": "FINAL", "course": 34}}, {"model": "scheduler.exam", "pk": 2745, "fields": {"start_time": "2018-02-11T16:00:00", "end_time": "2018-02-11T18:00:00", "type": "FINAL", "course": 42}}, {"model": "scheduler.exam", "pk": 2746, "fields": {"start_time": "2018-02-02T15:00:00", "end_time": "2018-02-02T17:00:00", "type": "FINAL", "course": 51}}, {"model": "scheduler.exam", "pk": 2747, "fields": {"start_time": "2018-02-08T11:00:00", "end_time": "2018-02-08T13:00:00", "type": "FINAL", "course": 62}}, {"model": "scheduler.exam", "pk": 2748, "fields": {"start_time": "2018-02-06T17:00:00", "end_time": "2018-02-06T19:00:00", "type": "FINAL", "course": 39}}, {"model": "scheduler.exam", "pk": 2749, "fields": {"start_time": "2018-01-30T15:00:00", "end_time": "2018-01-30T17:00:00", "type": "FINAL", "course": 68}}, {"model": "scheduler.exam", "pk": 2750, "fields": {"start_time": "2018-02-05T08:00:00", "end_time": "2018-02-05T10:00:00", "type": "FINAL", "course": 46}}, {"model": "scheduler.exam", "pk": 2751, "fields": {"start_time": "2018-02-06T08:00:00", "end_time": "2018-02-06T10:00:00", "type": "FINAL", "course": 8}}, {"model": "scheduler.exam", "pk": 2752, "fields": {"start_time": "2018-02-10T17:00:00", "end_time": "2018-02-10T19:00:00", "type": "FINAL", "course": 35}}, {"model": "scheduler.exam", "pk": 2753, "fields": {"start_time": "2018-02-09T15:00:00", "end_time": "2018-02-09T17:00:00", "type": "FINAL", "course": 83}}, {"model": "scheduler.exam", "pk": 2754, "fields": {"start_time": "2018-01-28T08:00:00", "end_time": "2018-01-28T10:00:00", "type": "FINAL", "course": 19}}, {"model": "scheduler.exam", "pk": 2755, "fields": {"start_time": "2018-02-10T14:00:00", "end_time": "2018-02-10T16:00:00", "type": "FINAL", "course": 64}}, {"model": "scheduler.exam", "pk": 2756, "fields": {"start_time": "2018-01-28T11:00:00", "end_time": "2018-01-28T13:00:00", "type": "FINAL", "course": 74}}, {"model": "scheduler.exam", "pk": 2757, "fields": {"start_time": "2018-02-02T09:00:00", "end_time": "2018-02-02T11:00:00", "type": "FINAL", "course": 29}}, {"model": "scheduler.exam", "pk": 2758, "fields": {"start_time": "2018-02-04T17:00:00", "end_time": "2018-02-04T19:00:00", "type": "FINAL", "course": 76}}, {"model": "scheduler.exam", "pk": 2759, "fields": {"start_time": "2018-02-05T15:00:00", "end_time": "2018-02-05T17:00:00", "type": "FINAL", "course": 27}}, {"model": "scheduler.exam", "pk": 2760, "fields": {"start_time": "2018-02-08T16:00:00", "end_time": "2018-02-08T18:00:00", "type": "FINAL", "course": 90}}, {"model": "scheduler.ta", "pk": 0, "fields": {"first_name": "John840", "last_name": "Doe580", "email": "ta_email43@test.com", "building": 2}}, {"model": "scheduler.ta", "pk": 1, "fields": {"first_name": "John641", "last_name": "Doe539", "email": "ta_email98@test.com", "building": 12}}, {"model": "scheduler.ta", "pk": 2, "fields": {"first_name": "John797", "last_name": "Doe203", "email": "ta_email82@test.com", "building": 6}}, {"model": "scheduler.ta", "pk": 3, "fields": {"first_name": "John387", "last_name": "Doe502", "email": "ta_email10@test.com", "building": 4}}, {"model": "scheduler.ta", "pk": 4, "fields": {"first_name": "John971", "last_name": "Doe386", "email": "ta_email93@test.com", "building": 17}}, {"model": "scheduler.ta", "pk": 5, "fields": {"first_name": "John745", "last_name": "Doe967", "email": "ta_email94@test.com", "building": 4}}, {"model": "scheduler.ta", "pk": 6, "fields": {"first_name": "John980", "last_name": "Doe692", "email": "ta_email49@test.com", "building": 5}}, {"model": "scheduler.ta", "pk": 7, "fields": {"first_name": "John384", "last_name": "Doe629", "email": "ta_email78@test.com", "building": 7}}, {"model": "scheduler.ta", "pk": 8, "fields": {"first_name": "John544", "last_name": "Doe599", "email": "ta_email26@test.com", "building": 17}}, {"model": "scheduler.ta", "pk": 9, "fields": {"first_name": "John326", "last_name": "Doe249", "email": "ta_email10@test.com", "building": 13}}, {"model": "scheduler.ta", "pk": 10, "fields": {"first_name": "John434", "last_name": "Doe344", "email": "ta_email52@test.com", "building": 7}}, {"model": "scheduler.ta", "pk": 11, "fields": {"first_name": "John881", "last_name": "Doe557", "email": "ta_email87@test.com", "building": 0}}, {"model": "scheduler.ta", "pk": 12, "fields": {"first_name": "John183", "last_name": "Doe380", "email": "ta_email18@test.com", "building": 19}}, {"model": "scheduler.ta", "pk": 13, "fields": {"first_name": "John419", "last_name": "Doe917", "email": "ta_email95@test.com", "building": 3}}, {"model": "scheduler.ta", "pk": 14, "fields": {"first_name": "John857", "last_name": "Doe248", "email": "ta_email44@test.com", "building": 6}}, {"model": "scheduler.ta", "pk": 15, "fields": {"first_name": "John617", "last_name": "Doe541", "email": "ta_email11@test.com", "building": 7}}, {"model": "scheduler.ta", "pk": 16, "fields": {"first_name": "John786", "last_name": "Doe497", "email": "ta_email24@test.com", "building": 0}}, {"model": "scheduler.ta", "pk": 17, "fields": {"first_name": "John134", "last_name": "Doe641", "email": "ta_email49@test.com", "building": 12}}, {"model": "scheduler.ta", "pk": 18, "fields": {"first_name": "John461", "last_name": "Doe598", "email": "ta_email34@test.com", "building": 19}}, {"model": "scheduler.ta", "pk": 19, "fields": {"first_name": "John271", "last_name": "Doe374", "email": "ta_email93@test.com", "building": 18}}, {"model": "scheduler.ta", "pk": 20, "fields": {"first_name": "John598", "last_name": "Doe804", "email": "ta_email71@test.com", "building": 1}}, {"model": "scheduler.ta", "pk": 21, "fields": {"first_name": "John811", "last_name": "Doe353", "email": "ta_email63@test.com", "building": 1}}, {"model": "scheduler.ta", "pk": 22, "fields": {"first_name": "John624", "last_name": "Doe662", "email": "ta_email64@test.com", "building": 18}}, {"model": "scheduler.ta", "pk": 23, "fields": {"first_name": "John287", "last_name": "Doe521", "email": "ta_email97@test.com", "building": 17}}, {"model": "scheduler.ta", "pk": 24, "fields": {"first_name": "John682", "last_name": "Doe229", "email": "ta_email43@test.com", "building": 9}}, {"model": "scheduler.ta", "pk": 25, "fields": {"first_name": "John908", "last_name": "Doe246", "email": "ta_email52@test.com", "building": 5}}, {"model": "scheduler.ta", "pk": 26, "fields": {"first_name": "John579", "last_name": "Doe698", "email": "ta_email53@test.com", "building": 11}}, {"model": "scheduler.ta", "pk": 27, "fields": {"first_name": "John874", "last_name": "Doe275", "email": "ta_email91@test.com", "building": 12}}, {"model": "scheduler.ta", "pk": 28, "fields": {"first_name": "John494", "last_name": "Doe275", "email": "ta_email61@test.com", "building": 6}}, {"model": "scheduler.ta", "pk": 29, "fields": {"first_name": "John125", "last_name": "Doe385", "email": "ta_email47@test.com", "building": 6}}, {"model": "scheduler.ta", "pk": 30, "fields": {"first_name": "John733", "last_name": "Doe871", "email": "ta_email89@test.com", "building": 11}}, {"model": "scheduler.ta", "pk": 31, "fields": {"first_name": "John634", "last_name": "Doe397", "email": "ta_email82@test.com", "building": 4}}, {"model": "scheduler.ta", "pk": 32, "fields": {"first_name": "John390", "last_name": "Doe948", "email": "ta_email87@test.com", "building": 6}}, {"model": "scheduler.ta", "pk": 33, "fields": {"first_name": "John521", "last_name": "Doe218", "email": "ta_email57@test.com", "building": 16}}, {"model": "scheduler.ta", "pk": 34, "fields": {"first_name": "John354", "last_name": "Doe876", "email": "ta_email77@test.com", "building": 3}}, {"model": "scheduler.ta", "pk": 35, "fields": {"first_name": "John991", "last_name": "Doe367", "email": "ta_email65@test.com", "building": 19}}, {"model": "scheduler.ta", "pk": 36, "fields": {"first_name": "John463", "last_name": "Doe701", "email": "ta_email10@test.com", "building": 2}}, {"model": "scheduler.ta", "pk": 37, "fields": {"first_name": "John843", "last_name": "Doe203", "email": "ta_email83@test.com", "building": 8}}, {"model": "scheduler.ta", "pk": 38, "fields": {"first_name": "John853", "last_name": "Doe517", "email": "ta_email40@test.com", "building": 3}}, {"model": "scheduler.ta", "pk": 39, "fields": {"first_name": "John768", "last_name": "Doe993", "email": "ta_email20@test.com", "building": 8}}, {"model": "scheduler.ta", "pk": 40, "fields": {"first_name": "John669", "last_name": "Doe500", "email": "ta_email75@test.com", "building": 9}}, {"model": "scheduler.ta", "pk": 41, "fields": {"first_name": "John228", "last_name": "Doe655", "email": "ta_email27@test.com", "building": 19}}, {"model": "scheduler.ta", "pk": 42, "fields": {"first_name": "John913", "last_name": "Doe345", "email": "ta_email80@test.com", "building": 18}}, {"model": "scheduler.ta", "pk": 43, "fields": {"first_name": "John465", "last_name": "Doe363", "email": "ta_email22@test.com", "building": 16}}, {"model": "scheduler.ta", "pk": 44, "fields": {"first_name": "John477", "last_name": "Doe942", "email": "ta_email20@test.com", "building": 15}}, {"model": "scheduler.ta", "pk": 45, "fields": {"first_name": "John536", "last_name": "Doe787", "email": "ta_email80@test.com", "building": 8}}, {"model": "scheduler.ta", "pk": 46, "fields": {"first_name": "John421", "last_name": "Doe293", "email": "ta_email10@test.com", "building": 9}}, {"model": "scheduler.ta", "pk": 47, "fields": {"first_name": "John343", "last_name": "Doe765", "email": "ta_email14@test.com", "building": 10}}, {"model": "scheduler.ta", "pk": 48, "fields": {"first_name": "John297", "last_name": "Doe261", "email": "ta_email49@test.com", "building": 0}}, {"model": "scheduler.ta", "pk": 49, "fields": {"first_name": "John123", "last_name": "Doe423", "email": "ta_email54@test.com", "building": 7}}, {"model": "scheduler.ta", "pk": 50, "fields": {"first_name": "John752", "last_name": "Doe942", "email": "ta_email82@test.com", "building": 16}}, {"model": "scheduler.ta", "pk": 51, "fields": {"first_name": "John350", "last_name": "Doe681", "email": "ta_email58@test.com", "building": 0}}, {"model": "scheduler.ta", "pk": 52, "fields": {"first_name": "John768", "last_name": "Doe648", "email": "ta_email41@test.com", "building": 7}}, {"model": "scheduler.ta", "pk": 53, "fields": {"first_name": "John807", "last_name": "Doe955", "email": "ta_email89@test.com", "building": 11}}, {"model": "scheduler.ta", "pk": 54, "fields": {"first_name": "John337", "last_name": "Doe789", "email": "ta_email37@test.com", "building": 7}}, {"model": "scheduler.ta", "pk": 55, "fields": {"first_name": "John419", "last_name": "Doe236", "email": "ta_email30@test.com", "building": 19}}, {"model": "scheduler.ta", "pk": 56, "fields": {"first_name": "John631", "last_name": "Doe290", "email": "ta_email63@test.com", "building": 13}}, {"model": "scheduler.ta", "pk": 57, "fields": {"first_name": "John281", "last_name": "Doe708", "email": "ta_email50@test.com", "building": 0}}, {"model": "scheduler.ta", "pk": 58, "fields": {"first_name": "John225", "last_name": "Doe828", "email": "ta_email39@test.com", "building": 2}}, {"model": "scheduler.ta", "pk": 59, "fields": {"first_name": "John538", "last_name": "Doe395", "email": "ta_email20@test.com", "building": 18}}, {"model": "scheduler.ta", "pk": 60, "fields": {"first_name": "John565", "last_name": "Doe853", "email": "ta_email12@test.com", "building": 15}}, {"model": "scheduler.ta", "pk": 61, "fields": {"first_name": "John984", "last_name": "Doe435", "email": "ta_email91@test.com", "building": 18}}, {"model": "scheduler.ta", "pk": 62, "fields": {"first_name": "John711", "last_name": "Doe695", "email": "ta_email95@test.com", "building": 8}}, {"model": "scheduler.ta", "pk": 63, "fields": {"first_name": "John233", "last_name": "Doe937", "email": "ta_email16@test.com", "building": 5}}, {"model": "scheduler.ta", "pk": 64, "fields": {"first_name": "John208", "last_name": "Doe915", "email": "ta_email95@test.com", "building": 5}}, {"model": "scheduler.ta", "pk": 65, "fields": {"first_name": "John625", "last_name": "Doe859", "email": "ta_email19@test.com", "building": 9}}, {"model": "scheduler.ta", "pk": 66, "fields": {"first_name": "John940", "last_name": "Doe828", "email": "ta_email39@test.com", "building": 16}}, {"model": "scheduler.ta", "pk": 67, "fields": {"first_name": "John487", "last_name": "Doe126", "email": "ta_email90@test.com", "building": 8}}, {"model": "scheduler.ta", "pk": 68, "fields": {"first_name": "John540", "last_name": "Doe232", "email": "ta_email89@test.com", "building": 6}}, {"model": "scheduler.ta", "pk": 69, "fields": {"first_name": "John586", "last_name": "Doe488", "email": "ta_email66@test.com", "building": 8}}, {"model": "scheduler.ta", "pk": 70, "fields": {"first_name": "John668", "last_name": "Doe740", "email": "ta_email87@test.com", "building": 2}}, {"model": "scheduler.ta", "pk": 71, "fields": {"first_name": "John860", "last_name": "Doe983", "email": "ta_email45@test.com", "building": 17}}, {"model": "scheduler.ta", "pk": 72, "fields": {"first_name": "John310", "last_name": "Doe582", "email": "ta_email63@test.com", "building": 3}}, {"model": "scheduler.ta", "pk": 73, "fields": {"first_name": "John616", "last_name": "Doe764", "email": "ta_email16@test.com", "building": 19}}, {"model": "scheduler.ta", "pk": 74, "fields": {"first_name": "John630", "last_name": "Doe277", "email": "ta_email95@test.com", "building": 7}}, {"model": "scheduler.ta", "pk": 75, "fields": {"first_name": "John803", "last_name": "Doe644", "email": "ta_email74@test.com", "building": 2}}, {"model": "scheduler.ta", "pk": 76, "fields": {"first_name": "John421", "last_name": "Doe358", "email": "ta_email11@test.com", "building": 4}}, {"model": "scheduler.ta", "pk": 77, "fields": {"first_name": "John287", "last_name": "Doe845", "email": "ta_email60@test.com", "building": 2}}, {"model": "scheduler.ta", "pk": 78, "fields": {"first_name": "John425", "last_name": "Doe529", "email": "ta_email63@test.com", "building": 11}}, {"model": "scheduler.ta", "pk": 79, "fields": {"first_name": "John966", "last_name": "Doe522", "email": "ta_email21@test.com", "building": 1}}, {"model": "scheduler.ta", "pk": 80, "fields": {"first_name": "John590", "last_name": "Doe644", "email": "ta_email53@test.com", "building": 19}}, {"model": "scheduler.ta", "pk": 81, "fields": {"first_name": "John156", "last_name": "Doe936", "email": "ta_email83@test.com", "building": 5}}, {"model": "scheduler.ta", "pk": 82, "fields": {"first_name": "John778", "last_name": "Doe913", "email": "ta_email29@test.com", "building": 17}}, {"model": "scheduler.ta", "pk": 83, "fields": {"first_name": "John955", "last_name": "Doe868", "email": "ta_email23@test.com", "building": 7}}, {"model": "scheduler.ta", "pk": 84, "fields": {"first_name": "John814", "last_name": "Doe819", "email": "ta_email95@test.com", "building": 7}}, {"model": "scheduler.ta", "pk": 85, "fields": {"first_name": "John148", "last_name": "Doe472", "email": "ta_email49@test.com", "building": 18}}, {"model": "scheduler.ta", "pk": 86, "fields": {"first_name": "John715", "last_name": "Doe396", "email": "ta_email20@test.com", "building": 6}}, {"model": "scheduler.ta", "pk": 87, "fields": {"first_name": "John187", "last_name": "Doe181", "email": "ta_email17@test.com", "building": 15}}, {"model": "scheduler.ta", "pk": 88, "fields": {"first_name": "John948", "last_name": "Doe985", "email": "ta_email42@test.com", "building": 1}}, {"model": "scheduler.ta", "pk": 89, "fields": {"first_name": "John608", "last_name": "Doe540", "email": "ta_email64@test.com", "building": 7}}, {"model": "scheduler.ta", "pk": 90, "fields": {"first_name": "John839", "last_name": "Doe617", "email": "ta_email66@test.com", "building": 15}}, {"model": "scheduler.ta", "pk": 91, "fields": {"first_name": "John935", "last_name": "Doe797", "email": "ta_email19@test.com", "building": 13}}, {"model": "scheduler.ta", "pk": 92, "fields": {"first_name": "John543", "last_name": "Doe601", "email": "ta_email57@test.com", "building": 3}}, {"model": "scheduler.ta", "pk": 93, "fields": {"first_name": "John903", "last_name": "Doe682", "email": "ta_email25@test.com", "building": 12}}, {"model": "scheduler.ta", "pk": 94, "fields": {"first_name": "John183", "last_name": "Doe292", "email": "ta_email89@test.com", "building": 5}}, {"model": "scheduler.ta", "pk": 95, "fields": {"first_name": "John707", "last_name": "Doe999", "email": "ta_email37@test.com", "building": 8}}, {"model": "scheduler.ta", "pk": 96, "fields": {"first_name": "John349", "last_name": "Doe226", "email": "ta_email94@test.com", "building": 9}}, {"model": "scheduler.ta", "pk": 97, "fields": {"first_name": "John356", "last_name": "Doe872", "email": "ta_email81@test.com", "building": 15}}, {"model": "scheduler.ta", "pk": 98, "fields": {"first_name": "John446", "last_name": "Doe189", "email": "ta_email54@test.com", "building": 6}}, {"model": "scheduler.ta", "pk": 99, "fields": {"first_name": "John975", "last_name": "Doe342", "email": "ta_email40@test.com", "building": 9}}, {"model": "scheduler.ta", "pk": 100, "fields": {"first_name": "John851", "last_name": "Doe840", "email": "ta_email98@test.com", "building": 3}}, {"model": "scheduler.ta", "pk": 101, "fields": {"first_name": "John704", "last_name": "Doe298", "email": "ta_email67@test.com", "building": 9}}, {"model": "scheduler.ta", "pk": 102, "fields": {"first_name": "John796", "last_name": "Doe590", "email": "ta_email82@test.com", "building": 6}}, {"model": "scheduler.ta", "pk": 103, "fields": {"first_name": "John340", "last_name": "Doe464", "email": "ta_email96@test.com", "building": 12}}, {"model": "scheduler.ta", "pk": 104, "fields": {"first_name": "John176", "last_name": "Doe346", "email": "ta_email28@test.com", "building": 13}}, {"model": "scheduler.ta", "pk": 105, "fields": {"first_name": "John107", "last_name": "Doe459", "email": "ta_email12@test.com", "building": 18}}, {"model": "scheduler.ta", "pk": 106, "fields": {"first_name": "John131", "last_name": "Doe967", "email": "ta_email87@test.com", "building": 10}}, {"model": "scheduler.ta", "pk": 107, "fields": {"first_name": "John652", "last_name": "Doe124", "email": "ta_email36@test.com", "building": 4}}, {"model": "scheduler.ta", "pk": 108, "fields": {"first_name": "John417", "last_name": "Doe341", "email": "ta_email55@test.com", "building": 1}}, {"model": "scheduler.ta", "pk": 109, "fields": {"first_name": "John609", "last_name": "Doe941", "email": "ta_email88@test.com", "building": 11}}, {"model": "scheduler.taexam", "pk": 23002, "fields": {"exam": 2561, "ta": 9, "classroom": 17}}, {"model": "scheduler.taexam", "pk": 23003, "fields": {"exam": 2562, "ta": 3, "classroom": 52}}, {"model": "scheduler.taexam", "pk": 23004, "fields": {"exam": 2563, "ta": 0, "classroom": 23}}, {"model": "scheduler.taexam", "pk": 23005, "fields": {"exam": 2564, "ta": 56, "classroom": 17}}, {"model": "scheduler.taexam", "pk": 23006, "fields": {"exam": 2565, "ta": 47, "classroom": 72}}, {"model": "scheduler.taexam", "pk": 23007, "fields": {"exam": 2565, "ta": 106, "classroom": 36}}, {"model": "scheduler.taexam", "pk": 23008, "fields": {"exam": 2566, "ta": 36, "classroom": 23}}, {"model": "scheduler.taexam", "pk": 23009, "fields": {"exam": 2567, "ta": 1, "classroom": 19}}, {"model": "scheduler.taexam", "pk": 23010, "fields": {"exam": 2568, "ta": 58, "classroom": 23}}, {"model": "scheduler.taexam", "pk": 23011, "fields": {"exam": 2569, "ta": 5, "classroom": 52}}, {"model": "scheduler.taexam", "pk": 23012, "fields": {"exam": 2570, "ta": 17, "classroom": 3}}, {"model": "scheduler.taexam", "pk": 23013, "fields": {"exam": 2571, "ta": 12, "classroom": 63}}, {"model": "scheduler.taexam", "pk": 23014, "fields": {"exam": 2572, "ta": 37, "classroom": 13}}, {"model": "scheduler.taexam", "pk": 23015, "fields": {"exam": 2573, "ta": 18, "classroom": 63}}, {"model": "scheduler.taexam", "pk": 23016, "fields": {"exam": 2574, "ta": 6, "classroom": 69}}, {"model": "scheduler.taexam", "pk": 23017, "fields": {"exam": 2575, "ta": 13, "classroom": 59}}, {"model": "scheduler.taexam", "pk": 23018, "fields": {"exam": 2576, "ta": 70, "classroom": 23}}, {"model": "scheduler.taexam", "pk": 23019, "fields": {"exam": 2577, "ta": 35, "classroom": 63}}, {"model": "scheduler.taexam", "pk": 23020, "fields": {"exam": 2578, "ta": 2, "classroom": 19}}, {"model": "scheduler.taexam", "pk": 23021, "fields": {"exam": 2579, "ta": 39, "classroom": 13}}, {"model": "scheduler.taexam", "pk": 23022, "fields": {"exam": 2580, "ta": 31, "classroom": 52}}, {"model": "scheduler.taexam", "pk": 23023, "fields": {"exam": 2581, "ta": 41, "classroom": 63}}, {"model": "scheduler.taexam", "pk": 23024, "fields": {"exam": 2582, "ta": 76, "classroom": 52}}, {"model": "scheduler.taexam", "pk": 23025, "fields": {"exam": 2583, "ta": 4, "classroom": 19}}, {"model": "scheduler.taexam", "pk": 23026, "fields": {"exam": 2584, "ta": 27, "classroom": 3}}, {"model": "scheduler.taexam", "pk": 23027, "fields": {"exam": 2585, "ta": 34, "classroom": 59}}, {"model": "scheduler.taexam", "pk": 23028, "fields": {"exam": 2586, "ta": 75, "classroom": 23}}, {"model": "scheduler.taexam", "pk": 23029, "fields": {"exam": 2587, "ta": 7, "classroom": 19}}, {"model": "scheduler.taexam", "pk": 23030, "fields": {"exam": 2588, "ta": 26, "classroom": 10}}, {"model": "scheduler.taexam", "pk": 23031, "fields": {"exam": 2589, "ta": 24, "classroom": 83}}, {"model": "scheduler.taexam", "pk": 23032, "fields": {"exam": 2590, "ta": 20, "classroom": 58}}, {"model": "scheduler.taexam", "pk": 23033, "fields": {"exam": 2591, "ta": 45, "classroom": 13}}, {"model": "scheduler.taexam", "pk": 23034, "fields": {"exam": 2592, "ta": 21, "classroom": 58}}, {"model": "scheduler.taexam", "pk": 23035, "fields": {"exam": 2593, "ta": 62, "classroom": 13}}, {"model": "scheduler.taexam", "pk": 23036, "fields": {"exam": 2594, "ta": 33, "classroom": 92}}, {"model": "scheduler.taexam", "pk": 23037, "fields": {"exam": 2595, "ta": 14, "classroom": 87}}, {"model": "scheduler.taexam", "pk": 23038, "fields": {"exam": 2596, "ta": 19, "classroom": 20}}, {"model": "scheduler.taexam", "pk": 23039, "fields": {"exam": 2597, "ta": 91, "classroom": 17}}, {"model": "scheduler.taexam", "pk": 23040, "fields": {"exam": 2598, "ta": 11, "classroom": 67}}, {"model": "scheduler.taexam", "pk": 23041, "fields": {"exam": 2599, "ta": 107, "classroom": 52}}, {"model": "scheduler.taexam", "pk": 23042, "fields": {"exam": 2600, "ta": 38, "classroom": 59}}, {"model": "scheduler.taexam", "pk": 23043, "fields": {"exam": 2601, "ta": 55, "classroom": 63}}, {"model": "scheduler.taexam", "pk": 23044, "fields": {"exam": 2602, "ta": 72, "classroom": 59}}, {"model": "scheduler.taexam", "pk": 23045, "fields": {"exam": 2603, "ta": 8, "classroom": 44}}, {"model": "scheduler.taexam", "pk": 23046, "fields": {"exam": 2604, "ta": 23, "classroom": 44}}, {"model": "scheduler.taexam", "pk": 23047, "fields": {"exam": 2605, "ta": 10, "classroom": 11}}, {"model": "scheduler.taexam", "pk": 23048, "fields": {"exam": 2606, "ta": 71, "classroom": 44}}, {"model": "scheduler.taexam", "pk": 23049, "fields": {"exam": 2607, "ta": 44, "classroom": 32}}, {"model": "scheduler.taexam", "pk": 23050, "fields": {"exam": 2608, "ta": 92, "classroom": 59}}, {"model": "scheduler.taexam", "pk": 23051, "fields": {"exam": 2609, "ta": 79, "classroom": 58}}, {"model": "scheduler.taexam", "pk": 23052, "fields": {"exam": 2610, "ta": 67, "classroom": 13}}, {"model": "scheduler.taexam", "pk": 23053, "fields": {"exam": 2611, "ta": 88, "classroom": 58}}, {"model": "scheduler.taexam", "pk": 23054, "fields": {"exam": 2612, "ta": 28, "classroom": 87}}, {"model": "scheduler.taexam", "pk": 23055, "fields": {"exam": 2613, "ta": 15, "classroom": 19}}, {"model": "scheduler.taexam", "pk": 23056, "fields": {"exam": 2614, "ta": 25, "classroom": 69}}, {"model": "scheduler.taexam", "pk": 23057, "fields": {"exam": 2615, "ta": 22, "classroom": 20}}, {"model": "scheduler.taexam", "pk": 23058, "fields": {"exam": 2616, "ta": 60, "classroom": 32}}, {"model": "scheduler.taexam", "pk": 23059, "fields": {"exam": 2617, "ta": 104, "classroom": 17}}, {"model": "scheduler.taexam", "pk": 23060, "fields": {"exam": 2618, "ta": 93, "classroom": 3}}, {"model": "scheduler.taexam", "pk": 23061, "fields": {"exam": 2619, "ta": 29, "classroom": 87}}, {"model": "scheduler.taexam", "pk": 23062, "fields": {"exam": 2620, "ta": 63, "classroom": 69}}, {"model": "scheduler.taexam", "pk": 23063, "fields": {"exam": 2621, "ta": 16, "classroom": 19}}, {"model": "scheduler.taexam", "pk": 23064, "fields": {"exam": 2622, "ta": 30, "classroom": 19}}, {"model": "scheduler.taexam", "pk": 23065, "fields": {"exam": 2623, "ta": 48, "classroom": 67}}, {"model": "scheduler.taexam", "pk": 23066, "fields": {"exam": 2624, "ta": 32, "classroom": 87}}, {"model": "scheduler.taexam", "pk": 23067, "fields": {"exam": 2625, "ta": 40, "classroom": 83}}, {"model": "scheduler.taexam", "pk": 23068, "fields": {"exam": 2626, "ta": 100, "classroom": 59}}, {"model": "scheduler.taexam", "pk": 23069, "fields": {"exam": 2627, "ta": 77, "classroom": 23}}, {"model": "scheduler.taexam", "pk": 23070, "fields": {"exam": 2628, "ta": 103, "classroom": 3}}, {"model": "scheduler.taexam", "pk": 23071, "fields": {"exam": 2629, "ta": 68, "classroom": 87}}, {"model": "scheduler.taexam", "pk": 23072, "fields": {"exam": 2630, "ta": 51, "classroom": 67}}, {"model": "scheduler.taexam", "pk": 23073, "fields": {"exam": 2631, "ta": 42, "classroom": 52}}, {"model": "scheduler.taexam", "pk": 23074, "fields": {"exam": 2632, "ta": 43, "classroom": 19}}, {"model": "scheduler.taexam", "pk": 23075, "fields": {"exam": 2633, "ta": 50, "classroom": 92}}, {"model": "scheduler.taexam", "pk": 23076, "fields": {"exam": 2634, "ta": 64, "classroom": 69}}, {"model": "scheduler.taexam", "pk": 23077, "fields": {"exam": 2635, "ta": 81, "classroom": 69}}, {"model": "scheduler.taexam", "pk": 23078, "fields": {"exam": 2636, "ta": 57, "classroom": 67}}, {"model": "scheduler.taexam", "pk": 23079, "fields": {"exam": 2637, "ta": 46, "classroom": 17}}, {"model": "scheduler.taexam", "pk": 23080, "fields": {"exam": 2638, "ta": 49, "classroom": 23}}, {"model": "scheduler.taexam", "pk": 23081, "fields": {"exam": 2639, "ta": 87, "classroom": 32}}, {"model": "scheduler.taexam", "pk": 23082, "fields": {"exam": 2640, "ta": 52, "classroom": 11}}, {"model": "scheduler.taexam", "pk": 23083, "fields": {"exam": 2641, "ta": 53, "classroom": 17}}, {"model": "scheduler.taexam", "pk": 23084, "fields": {"exam": 2642, "ta": 54, "classroom": 19}}, {"model": "scheduler.taexam", "pk": 23085, "fields": {"exam": 2643, "ta": 90, "classroom": 32}}, {"model": "scheduler.taexam", "pk": 23086, "fields": {"exam": 2644, "ta": 97, "classroom": 32}}, {"model": "scheduler.taexam", "pk": 23087, "fields": {"exam": 2645, "ta": 74, "classroom": 11}}, {"model": "scheduler.taexam", "pk": 23088, "fields": {"exam": 2646, "ta": 59, "classroom": 52}}, {"model": "scheduler.taexam", "pk": 23089, "fields": {"exam": 2647, "ta": 61, "classroom": 19}}, {"model": "scheduler.taexam", "pk": 23090, "fields": {"exam": 2648, "ta": 65, "classroom": 3}}, {"model": "scheduler.taexam", "pk": 23091, "fields": {"exam": 2649, "ta": 85, "classroom": 20}}, {"model": "scheduler.taexam", "pk": 23092, "fields": {"exam": 2650, "ta": 82, "classroom": 44}}, {"model": "scheduler.taexam", "pk": 23093, "fields": {"exam": 2651, "ta": 66, "classroom": 32}}, {"model": "scheduler.taexam", "pk": 23094, "fields": {"exam": 2652, "ta": 69, "classroom": 59}}, {"model": "scheduler.taexam", "pk": 23095, "fields": {"exam": 2653, "ta": 108, "classroom": 58}}, {"model": "scheduler.taexam", "pk": 23096, "fields": {"exam": 2654, "ta": 73, "classroom": 44}}, {"model": "scheduler.taexam", "pk": 23097, "fields": {"exam": 2655, "ta": 95, "classroom": 13}}, {"model": "scheduler.taexam", "pk": 23098, "fields": {"exam": 2656, "ta": 78, "classroom": 44}}, {"model": "scheduler.taexam", "pk": 23099, "fields": {"exam": 2657, "ta": 80, "classroom": 92}}, {"model": "scheduler.taexam", "pk": 23100, "fields": {"exam": 2658, "ta": 83, "classroom": 72}}, {"model": "scheduler.taexam", "pk": 23101, "fields": {"exam": 2659, "ta": 84, "classroom": 92}}, {"model": "scheduler.taexam", "pk": 23102, "fields": {"exam": 2660, "ta": 109, "classroom": 10}}, {"model": "scheduler.taexam", "pk": 23103, "fields": {"exam": 2661, "ta": 9, "classroom": 17}}, {"model": "scheduler.taexam", "pk": 23104, "fields": {"exam": 2662, "ta": 3, "classroom": 52}}, {"model": "scheduler.taexam", "pk": 23105, "fields": {"exam": 2663, "ta": 0, "classroom": 23}}, {"model": "scheduler.taexam", "pk": 23106, "fields": {"exam": 2664, "ta": 56, "classroom": 17}}, {"model": "scheduler.taexam", "pk": 23107, "fields": {"exam": 2665, "ta": 47, "classroom": 72}}, {"model": "scheduler.taexam", "pk": 23108, "fields": {"exam": 2665, "ta": 106, "classroom": 36}}, {"model": "scheduler.taexam", "pk": 23109, "fields": {"exam": 2666, "ta": 36, "classroom": 23}}, {"model": "scheduler.taexam", "pk": 23110, "fields": {"exam": 2667, "ta": 1, "classroom": 19}}, {"model": "scheduler.taexam", "pk": 23111, "fields": {"exam": 2668, "ta": 58, "classroom": 23}}, {"model": "scheduler.taexam", "pk": 23112, "fields": {"exam": 2669, "ta": 5, "classroom": 52}}, {"model": "scheduler.taexam", "pk": 23113, "fields": {"exam": 2670, "ta": 17, "classroom": 3}}, {"model": "scheduler.taexam", "pk": 23114, "fields": {"exam": 2671, "ta": 12, "classroom": 63}}, {"model": "scheduler.taexam", "pk": 23115, "fields": {"exam": 2672, "ta": 37, "classroom": 13}}, {"model": "scheduler.taexam", "pk": 23116, "fields": {"exam": 2673, "ta": 18, "classroom": 63}}, {"model": "scheduler.taexam", "pk": 23117, "fields": {"exam": 2674, "ta": 6, "classroom": 69}}, {"model": "scheduler.taexam", "pk": 23118, "fields": {"exam": 2675, "ta": 13, "classroom": 59}}, {"model": "scheduler.taexam", "pk": 23119, "fields": {"exam": 2676, "ta": 70, "classroom": 23}}, {"model": "scheduler.taexam", "pk": 23120, "fields": {"exam": 2677, "ta": 35, "classroom": 63}}, {"model": "scheduler.taexam", "pk": 23121, "fields": {"exam": 2678, "ta": 2, "classroom": 19}}, {"model": "scheduler.taexam", "pk": 23122, "fields": {"exam": 2679, "ta": 39, "classroom": 13}}, {"model": "scheduler.taexam", "pk": 23123, "fields": {"exam": 2680, "ta": 31, "classroom": 52}}, {"model": "scheduler.taexam", "pk": 23124, "fields": {"exam": 2681, "ta": 41, "classroom": 63}}, {"model": "scheduler.taexam", "pk": 23125, "fields": {"exam": 2682, "ta": 76, "classroom": 52}}, {"model": "scheduler.taexam", "pk": 23126, "fields": {"exam": 2683, "ta": 4, "classroom": 19}}, {"model": "scheduler.taexam", "pk": 23127, "fields": {"exam": 2684, "ta": 27, "classroom": 3}}, {"model": "scheduler.taexam", "pk": 23128, "fields": {"exam": 2685, "ta": 34, "classroom": 59}}, {"model": "scheduler.taexam", "pk": 23129, "fields": {"exam": 2686, "ta": 75, "classroom": 23}}, {"model": "scheduler.taexam", "pk": 23130, "fields": {"exam": 2687, "ta": 7, "classroom": 19}}, {"model": "scheduler.taexam", "pk": 23131, "fields": {"exam": 2688, "ta": 26, "classroom": 10}}, {"model": "scheduler.taexam", "pk": 23132, "fields": {"exam": 2689, "ta": 24, "classroom": 83}}, {"model": "scheduler.taexam", "pk": 23133, "fields": {"exam": 2690, "ta": 20, "classroom": 58}}, {"model": "scheduler.taexam", "pk": 23134, "fields": {"exam": 2691, "ta": 45, "classroom": 13}}, {"model": "scheduler.taexam", "pk": 23135, "fields": {"exam": 2692, "ta": 21, "classroom": 58}}, {"model": "scheduler.taexam", "pk": 23136, "fields": {"exam": 2693, "ta": 62, "classroom": 13}}, {"model": "scheduler.taexam", "pk": 23137, "fields": {"exam": 2694, "ta": 33, "classroom": 92}}, {"model": "scheduler.taexam", "pk": 23138, "fields": {"exam": 2695, "ta": 14, "classroom": 87}}, {"model": "scheduler.taexam", "pk": 23139, "fields": {"exam": 2696, "ta": 19, "classroom": 20}}, {"model": "scheduler.taexam", "pk": 23140, "fields": {"exam": 2697, "ta": 91, "classroom": 17}}, {"model": "scheduler.taexam", "pk": 23141, "fields": {"exam": 2698, "ta": 11, "classroom": 67}}, {"model": "scheduler.taexam", "pk": 23142, "fields": {"exam": 2699, "ta": 107, "classroom": 52}}, {"model": "scheduler.taexam", "pk": 23143, "fields": {"exam": 2700, "ta": 38, "classroom": 59}}, {"model": "scheduler.taexam", "pk": 23144, "fields": {"exam": 2701, "ta": 55, "classroom": 63}}, {"model": "scheduler.taexam", "pk": 23145, "fields": {"exam": 2702, "ta": 72, "classroom": 59}}, {"model": "scheduler.taexam", "pk": 23146, "fields": {"exam": 2703, "ta": 8, "classroom": 44}}, {"model": "scheduler.taexam", "pk": 23147, "fields": {"exam": 2704, "ta": 23, "classroom": 44}}, {"model": "scheduler.taexam", "pk": 23148, "fields": {"exam": 2705, "ta": 10, "classroom": 11}}, {"model": "scheduler.taexam", "pk": 23149, "fields": {"exam": 2706, "ta": 71, "classroom": 44}}, {"model": "scheduler.taexam", "pk": 23150, "fields": {"exam": 2707, "ta": 44, "classroom": 32}}, {"model": "scheduler.taexam", "pk": 23151, "fields": {"exam": 2708, "ta": 92, "classroom": 59}}, {"model": "scheduler.taexam", "pk": 23152, "fields": {"exam": 2709, "ta": 79, "classroom": 58}}, {"model": "scheduler.taexam", "pk": 23153, "fields": {"exam": 2710, "ta": 67, "classroom": 13}}, {"model": "scheduler.taexam", "pk": 23154, "fields": {"exam": 2711, "ta": 88, "classroom": 58}}, {"model": "scheduler.taexam", "pk": 23155, "fields": {"exam": 2712, "ta": 28, "classroom": 87}}, {"model": "scheduler.taexam", "pk": 23156, "fields": {"exam": 2713, "ta": 15, "classroom": 19}}, {"model": "scheduler.taexam", "pk": 23157, "fields": {"exam": 2714, "ta": 25, "classroom": 69}}, {"model": "scheduler.taexam", "pk": 23158, "fields": {"exam": 2715, "ta": 22, "classroom": 20}}, {"model": "scheduler.taexam", "pk": 23159, "fields": {"exam": 2716, "ta": 60, "classroom": 32}}, {"model": "scheduler.taexam", "pk": 23160, "fields": {"exam": 2717, "ta": 104, "classroom": 17}}, {"model": "scheduler.taexam", "pk": 23161, "fields": {"exam": 2718, "ta": 93, "classroom": 3}}, {"model": "scheduler.taexam", "pk": 23162, "fields": {"exam": 2719, "ta": 29, "classroom": 87}}, {"model": "scheduler.taexam", "pk": 23163, "fields": {"exam": 2720, "ta": 63, "classroom": 69}}, {"model": "scheduler.taexam", "pk": 23164, "fields": {"exam": 2721, "ta": 16, "classroom": 81}}, {"model": "scheduler.taexam", "pk": 23165, "fields": {"exam": 2722, "ta": 30, "classroom": 19}}, {"model": "scheduler.taexam", "pk": 23166, "fields": {"exam": 2723, "ta": 48, "classroom": 67}}, {"model": "scheduler.taexam", "pk": 23167, "fields": {"exam": 2724, "ta": 32, "classroom": 87}}, {"model": "scheduler.taexam", "pk": 23168, "fields": {"exam": 2725, "ta": 40, "classroom": 83}}, {"model": "scheduler.taexam", "pk": 23169, "fields": {"exam": 2726, "ta": 100, "classroom": 59}}, {"model": "scheduler.taexam", "pk": 23170, "fields": {"exam": 2727, "ta": 77, "classroom": 23}}, {"model": "scheduler.taexam", "pk": 23171, "fields": {"exam": 2728, "ta": 103, "classroom": 3}}, {"model": "scheduler.taexam", "pk": 23172, "fields": {"exam": 2729, "ta": 68, "classroom": 87}}, {"model": "scheduler.taexam", "pk": 23173, "fields": {"exam": 2730, "ta": 51, "classroom": 67}}, {"model": "scheduler.taexam", "pk": 23174, "fields": {"exam": 2731, "ta": 42, "classroom": 52}}, {"model": "scheduler.taexam", "pk": 23175, "fields": {"exam": 2732, "ta": 43, "classroom": 19}}, {"model": "scheduler.taexam", "pk": 23176, "fields": {"exam": 2733, "ta": 50, "classroom": 92}}, {"model": "scheduler.taexam", "pk": 23177, "fields": {"exam": 2734, "ta": 64, "classroom": 69}}, {"model": "scheduler.taexam", "pk": 23178, "fields": {"exam": 2735, "ta": 81, "classroom": 69}}, {"model": "scheduler.taexam", "pk": 23179, "fields": {"exam": 2736, "ta": 57, "classroom": 67}}, {"model": "scheduler.taexam", "pk": 23180, "fields": {"exam": 2737, "ta": 46, "classroom": 17}}, {"model": "scheduler.taexam", "pk": 23181, "fields": {"exam": 2738, "ta": 49, "classroom": 23}}, {"model": "scheduler.taexam", "pk": 23182, "fields": {"exam": 2739, "ta": 87, "classroom": 32}}, {"model": "scheduler.taexam", "pk": 23183, "fields": {"exam": 2740, "ta": 52, "classroom": 11}}, {"model": "scheduler.taexam", "pk": 23184, "fields": {"exam": 2741, "ta": 53, "classroom": 17}}, {"model": "scheduler.taexam", "pk": 23185, "fields": {"exam": 2742, "ta": 54, "classroom": 19}}, {"model": "scheduler.taexam", "pk": 23186, "fields": {"exam": 2743, "ta": 90, "classroom": 32}}, {"model": "scheduler.taexam", "pk": 23187, "fields": {"exam": 2744, "ta": 97, "classroom": 32}}, {"model": "scheduler.taexam", "pk": 23188, "fields": {"exam": 2745, "ta": 74, "classroom": 11}}, {"model": "scheduler.taexam", "pk": 23189, "fields": {"exam": 2746, "ta": 59, "classroom": 52}}, {"model": "scheduler.taexam", "pk": 23190, "fields": {"exam": 2747, "ta": 61, "classroom": 19}}, {"model": "scheduler.taexam", "pk": 23191, "fields": {"exam": 2748, "ta": 65, "classroom": 3}}, {"model": "scheduler.taexam", "pk": 23192, "fields": {"exam": 2749, "ta": 85, "classroom": 20}}, {"model": "scheduler.taexam", "pk": 23193, "fields": {"exam": 2750, "ta": 82, "classroom": 44}}, {"model": "scheduler.taexam", "pk": 23194, "fields": {"exam": 2751, "ta": 66, "classroom": 32}}, {"model": "scheduler.taexam", "pk": 23195, "fields": {"exam": 2752, "ta": 69, "classroom": 59}}, {"model": "scheduler.taexam", "pk": 23196, "fields": {"exam": 2753, "ta": 108, "classroom": 58}}, {"model": "scheduler.taexam", "pk": 23197, "fields": {"exam": 2754, "ta": 73, "classroom": 44}}, {"model": "scheduler.taexam", "pk": 23198, "fields": {"exam": 2755, "ta": 95, "classroom": 13}}, {"model": "scheduler.taexam", "pk": 23199, "fields": {"exam": 2756, "ta": 78, "classroom": 44}}, {"model": "scheduler.taexam", "pk": 23200, "fields": {"exam": 2757, "ta": 80, "classroom": 92}}, {"model": "scheduler.taexam", "pk": 23201, "fields": {"exam": 2758, "ta": 83, "classroom": 72}}, {"model": "scheduler.taexam", "pk": 23202, "fields": {"exam": 2759, "ta": 84, "classroom": 92}}, {"model": "scheduler.taexam", "pk": 23203, "fields": {"exam": 2760, "ta": 109, "classroom": 10}}, {"model": "contenttypes.contenttype", "pk": 16, "fields": {"app_label": "scheduler", "model": "building"}}, {"model": "contenttypes.contenttype", "pk": 17, "fields": {"app_label": "scheduler", "model": "classroom"}}, {"model": "contenttypes.contenttype", "pk": 18, "fields": {"app_label": "scheduler", "model": "classroomschedule"}}, {"model": "contenttypes.contenttype", "pk": 19, "fields": {"app_label": "scheduler", "model": "course"}}, {"model": "contenttypes.contenttype", "pk": 20, "fields": {"app_label": "scheduler", "model": "exam"}}, {"model": "contenttypes.contenttype", "pk": 21, "fields": {"app_label": "scheduler", "model": "ta"}}, {"model": "contenttypes.contenttype", "pk": 22, "fields": {"app_label": "scheduler", "model": "taschedule"}}, {"model": "contenttypes.contenttype", "pk": 23, "fields": {"app_label": "scheduler", "model": "taexam"}}, {"model": "contenttypes.contenttype", "pk": 24, "fields": {"app_label": "scheduler", "model": "tacourse"}}, {"model": "contenttypes.contenttype", "pk": 25, "fields": {"app_label": "admin", "model": "logentry"}}, {"model": "contenttypes.contenttype", "pk": 26, "fields": {"app_label": "auth", "model": "permission"}}, {"model": "contenttypes.contenttype", "pk": 27, "fields": {"app_label": "auth", "model": "group"}}, {"model": "contenttypes.contenttype", "pk": 28, "fields": {"app_label": "auth", "model": "user"}}, {"model": "contenttypes.contenttype", "pk": 29, "fields": {"app_label": "contenttypes", "model": "contenttype"}}, {"model": "contenttypes.contenttype", "pk": 30, "fields": {"app_label": "sessions", "model": "session"}}, {"model": "auth.permission", "pk": 46, "fields": {"name": "Can add Building", "content_type": 16, "codename": "add_building"}}, {"model": "auth.permission", "pk": 47, "fields": {"name": "Can change Building", "content_type": 16, "codename": "change_building"}}, {"model": "auth.permission", "pk": 48, "fields": {"name": "Can delete Building", "content_type": 16, "codename": "delete_building"}}, {"model": "auth.permission", "pk": 49, "fields": {"name": "Can add Classroom", "content_type": 17, "codename": "add_classroom"}}, {"model": "auth.permission", "pk": 50, "fields": {"name": "Can change Classroom", "content_type": 17, "codename": "change_classroom"}}, {"model": "auth.permission", "pk": 51, "fields": {"name": "Can delete Classroom", "content_type": 17, "codename": "delete_classroom"}}, {"model": "auth.permission", "pk": 52, "fields": {"name": "Can add Classroom Schedule", "content_type": 18, "codename": "add_classroomschedule"}}, {"model": "auth.permission", "pk": 53, "fields": {"name": "Can change Classroom Schedule", "content_type": 18, "codename": "change_classroomschedule"}}, {"model": "auth.permission", "pk": 54, "fields": {"name": "Can delete Classroom Schedule", "content_type": 18, "codename": "delete_classroomschedule"}}, {"model": "auth.permission", "pk": 55, "fields": {"name": "Can add Course", "content_type": 19, "codename": "add_course"}}, {"model": "auth.permission", "pk": 56, "fields": {"name": "Can change Course", "content_type": 19, "codename": "change_course"}}, {"model": "auth.permission", "pk": 57, "fields": {"name": "Can delete Course", "content_type": 19, "codename": "delete_course"}}, {"model": "auth.permission", "pk": 58, "fields": {"name": "Can add Exam", "content_type": 20, "codename": "add_exam"}}, {"model": "auth.permission", "pk": 59, "fields": {"name": "Can change Exam", "content_type": 20, "codename": "change_exam"}}, {"model": "auth.permission", "pk": 60, "fields": {"name": "Can delete Exam", "content_type": 20, "codename": "delete_exam"}}, {"model": "auth.permission", "pk": 61, "fields": {"name": "Can add Teaching Assistant", "content_type": 21, "codename": "add_ta"}}, {"model": "auth.permission", "pk": 62, "fields": {"name": "Can change Teaching Assistant", "content_type": 21, "codename": "change_ta"}}, {"model": "auth.permission", "pk": 63, "fields": {"name": "Can delete Teaching Assistant", "content_type": 21, "codename": "delete_ta"}}, {"model": "auth.permission", "pk": 64, "fields": {"name": "Can add TA Schedule", "content_type": 22, "codename": "add_taschedule"}}, {"model": "auth.permission", "pk": 65, "fields": {"name": "Can change TA Schedule", "content_type": 22, "codename": "change_taschedule"}}, {"model": "auth.permission", "pk": 66, "fields": {"name": "Can delete TA Schedule", "content_type": 22, "codename": "delete_taschedule"}}, {"model": "auth.permission", "pk": 67, "fields": {"name": "Can add Exam - TA Schedule", "content_type": 23, "codename": "add_taexam"}}, {"model": "auth.permission", "pk": 68, "fields": {"name": "Can change Exam - TA Schedule", "content_type": 23, "codename": "change_taexam"}}, {"model": "auth.permission", "pk": 69, "fields": {"name": "Can delete Exam - TA Schedule", "content_type": 23, "codename": "delete_taexam"}}, {"model": "auth.permission", "pk": 70, "fields": {"name": "Can add Master TA", "content_type": 24, "codename": "add_tacourse"}}, {"model": "auth.permission", "pk": 71, "fields": {"name": "Can change Master TA", "content_type": 24, "codename": "change_tacourse"}}, {"model": "auth.permission", "pk": 72, "fields": {"name": "Can delete Master TA", "content_type": 24, "codename": "delete_tacourse"}}, {"model": "auth.permission", "pk": 73, "fields": {"name": "Can add log entry", "content_type": 25, "codename": "add_logentry"}}, {"model": "auth.permission", "pk": 74, "fields": {"name": "Can change log entry", "content_type": 25, "codename": "change_logentry"}}, {"model": "auth.permission", "pk": 75, "fields": {"name": "Can delete log entry", "content_type": 25, "codename": "delete_logentry"}}, {"model": "auth.permission", "pk": 76, "fields": {"name": "Can add permission", "content_type": 26, "codename": "add_permission"}}, {"model": "auth.permission", "pk": 77, "fields": {"name": "Can change permission", "content_type": 26, "codename": "change_permission"}}, {"model": "auth.permission", "pk": 78, "fields": {"name": "Can delete permission", "content_type": 26, "codename": "delete_permission"}}, {"model": "auth.permission", "pk": 79, "fields": {"name": "Can add group", "content_type": 27, "codename": "add_group"}}, {"model": "auth.permission", "pk": 80, "fields": {"name": "Can change group", "content_type": 27, "codename": "change_group"}}, {"model": "auth.permission", "pk": 81, "fields": {"name": "Can delete group", "content_type": 27, "codename": "delete_group"}}, {"model": "auth.permission", "pk": 82, "fields": {"name": "Can add user", "content_type": 28, "codename": "add_user"}}, {"model": "auth.permission", "pk": 83, "fields": {"name": "Can change user", "content_type": 28, "codename": "change_user"}}, {"model": "auth.permission", "pk": 84, "fields": {"name": "Can delete user", "content_type": 28, "codename": "delete_user"}}, {"model": "auth.permission", "pk": 85, "fields": {"name": "Can add content type", "content_type": 29, "codename": "add_contenttype"}}, {"model": "auth.permission", "pk": 86, "fields": {"name": "Can change content type", "content_type": 29, "codename": "change_contenttype"}}, {"model": "auth.permission", "pk": 87, "fields": {"name": "Can delete content type", "content_type": 29, "codename": "delete_contenttype"}}, {"model": "auth.permission", "pk": 88, "fields": {"name": "Can add session", "content_type": 30, "codename": "add_session"}}, {"model": "auth.permission", "pk": 89, "fields": {"name": "Can change session", "content_type": 30, "codename": "change_session"}}, {"model": "auth.permission", "pk": 90, "fields": {"name": "Can delete session", "content_type": 30, "codename": "delete_session"}}]