[{"model": "scheduler.building", "pk": 0, "fields": {"name": "Building0", "coord_x": -51.76136438214725, "coord_y": 72.73138510539388}}, {"model": "scheduler.building", "pk": 1, "fields": {"name": "Building1", "coord_x": -19.710562450449046, "coord_y": 71.59385570577709}}, {"model": "scheduler.building", "pk": 2, "fields": {"name": "Building2", "coord_x": 31.812273710619138, "coord_y": 39.84995060454389}}, {"model": "scheduler.building", "pk": 3, "fields": {"name": "Building3", "coord_x": 19.874661862802427, "coord_y": 65.17622653303613}}, {"model": "scheduler.building", "pk": 4, "fields": {"name": "Building4", "coord_x": 90.06805591420968, "coord_y": -61.588899978719255}}, {"model": "scheduler.building", "pk": 5, "fields": {"name": "Building5", "coord_x": 16.947410906517035, "coord_y": -37.03234988215216}}, {"model": "scheduler.building", "pk": 6, "fields": {"name": "Building6", "coord_x": -33.04523822752539, "coord_y": 98.16824455868993}}, {"model": "scheduler.building", "pk": 7, "fields": {"name": "Building7", "coord_x": 61.67497462802777, "coord_y": 21.584137986300206}}, {"model": "scheduler.building", "pk": 8, "fields": {"name": "Building8", "coord_x": 36.348205627351575, "coord_y": -89.32577331060305}}, {"model": "scheduler.building", "pk": 9, "fields": {"name": "Building9", "coord_x": 71.97678173952636, "coord_y": 44.17090205852921}}, {"model": "scheduler.building", "pk": 10, "fields": {"name": "Building10", "coord_x": -98.65398047360787, "coord_y": -86.42370519272112}}, {"model": "scheduler.building", "pk": 11, "fields": {"name": "Building11", "coord_x": 34.661867654177115, "coord_y": 58.54833371961706}}, {"model": "scheduler.building", "pk": 12, "fields": {"name": "Building12", "coord_x": 76.46675298703906, "coord_y": -2.9320828852137595}}, {"model": "scheduler.building", "pk": 13, "fields": {"name": "Building13", "coord_x": 82.35725056693337, "coord_y": -54.82768333501355}}, {"model": "scheduler.building", "pk": 14, "fields": {"name": "Building14", "coord_x": -66.65390671431834, "coord_y": -87.26606779802393}}, {"model": "scheduler.building", "pk": 15, "fields": {"name": "Building15", "coord_x": -12.267557954828831, "coord_y": 74.48820949769811}}, {"model": "scheduler.building", "pk": 16, "fields": {"name": "Building16", "coord_x": 44.88829812000171, "coord_y": 53.516161152093446}}, {"model": "scheduler.building", "pk": 17, "fields": {"name": "Building17", "coord_x": 95.88111930615503, "coord_y": 81.42569443349706}}, {"model": "scheduler.building", "pk": 18, "fields": {"name": "Building18", "coord_x": -27.711570609359313, "coord_y": 40.54667617768078}}, {"model": "scheduler.building", "pk": 19, "fields": {"name": "Building19", "coord_x": -45.25545323515958, "coord_y": -41.17800236161244}}, {"model": "scheduler.classroom", "pk": 0, "fields": {"name": "Classroom0", "capacity": 61, "max_ta": 3, "building": 14}}, {"model": "scheduler.classroom", "pk": 1, "fields": {"name": "Classroom1", "capacity": 62, "max_ta": 3, "building": 18}}, {"model": "scheduler.classroom", "pk": 2, "fields": {"name": "Classroom2", "capacity": 73, "max_ta": 2, "building": 13}}, {"model": "scheduler.classroom", "pk": 3, "fields": {"name": "Classroom3", "capacity": 95, "max_ta": 2, "building": 12}}, {"model": "scheduler.classroom", "pk": 4, "fields": {"name": "Classroom4", "capacity": 71, "max_ta": 2, "building": 9}}, {"model": "scheduler.classroom", "pk": 5, "fields": {"name": "Classroom5", "capacity": 57, "max_ta": 3, "building": 2}}, {"model": "scheduler.classroom", "pk": 6, "fields": {"name": "Classroom6", "capacity": 85, "max_ta": 1, "building": 11}}, {"model": "scheduler.classroom", "pk": 7, "fields": {"name": "Classroom7", "capacity": 51, "max_ta": 1, "building": 17}}, {"model": "scheduler.classroom", "pk": 8, "fields": {"name": "Classroom8", "capacity": 73, "max_ta": 3, "building": 16}}, {"model": "scheduler.classroom", "pk": 9, "fields": {"name": "Classroom9", "capacity": 67, "max_ta": 2, "building": 14}}, {"model": "scheduler.classroom", "pk": 10, "fields": {"name": "Classroom10", "capacity": 94, "max_ta": 2, "building": 11}}, {"model": "scheduler.classroom", "pk": 11, "fields": {"name": "Classroom11", "capacity": 86, "max_ta": 3, "building": 7}}, {"model": "scheduler.classroom", "pk": 12, "fields": {"name": "Classroom12", "capacity": 82, "max_ta": 1, "building": 3}}, {"model": "scheduler.classroom", "pk": 13, "fields": {"name": "Classroom13", "capacity": 97, "max_ta": 2, "building": 8}}, {"model": "scheduler.classroom", "pk": 14, "fields": {"name": "Classroom14", "capacity": 70, "max_ta": 1, "building": 3}}, {"model": "scheduler.classroom", "pk": 15, "fields": {"name": "Classroom15", "capacity": 84, "max_ta": 1, "building": 9}}, {"model": "scheduler.classroom", "pk": 16, "fields": {"name": "Classroom16", "capacity": 85, "max_ta": 2, "building": 12}}, {"model": "scheduler.classroom", "pk": 17, "fields": {"name": "Classroom17", "capacity": 99, "max_ta": 3, "building": 13}}, {"model": "scheduler.classroom", "pk": 18, "fields": {"name": "Classroom18", "capacity": 56, "max_ta": 3, "building": 6}}, {"model": "scheduler.classroom", "pk": 19, "fields": {"name": "Classroom19", "capacity": 98, "max_ta": 2, "building": 14}}, {"model": "scheduler.classroom", "pk": 20, "fields": {"name": "Classroom20", "capacity": 100, "max_ta": 2, "building": 18}}, {"model": "scheduler.classroom", "pk": 21, "fields": {"name": "Classroom21", "capacity": 58, "max_ta": 1, "building": 12}}, {"model": "scheduler.classroom", "pk": 22, "fields": {"name": "Classroom22", "capacity": 92, "max_ta": 3, "building": 11}}, {"model": "scheduler.classroom", "pk": 23, "fields": {"name": "Classroom23", "capacity": 98, "max_ta": 1, "building": 2}}, {"model": "scheduler.classroom", "pk": 24, "fields": {"name": "Classroom24", "capacity": 56, "max_ta": 3, "building": 4}}, {"model": "scheduler.classroom", "pk": 25, "fields": {"name": "Classroom25", "capacity": 76, "max_ta": 3, "building": 4}}, {"model": "scheduler.classroom", "pk": 26, "fields": {"name": "Classroom26", "capacity": 82, "max_ta": 2, "building": 7}}, {"model": "scheduler.classroom", "pk": 27, "fields": {"name": "Classroom27", "capacity": 66, "max_ta": 3, "building": 14}}, {"model": "scheduler.classroom", "pk": 28, "fields": {"name": "Classroom28", "capacity": 87, "max_ta": 2, "building": 13}}, {"model": "scheduler.classroom", "pk": 29, "fields": {"name": "Classroom29", "capacity": 64, "max_ta": 3, "building": 13}}, {"model": "scheduler.classroom", "pk": 30, "fields": {"name": "Classroom30", "capacity": 72, "max_ta": 2, "building": 2}}, {"model": "scheduler.classroom", "pk": 31, "fields": {"name": "Classroom31", "capacity": 52, "max_ta": 3, "building": 12}}, {"model": "scheduler.classroom", "pk": 32, "fields": {"name": "Classroom32", "capacity": 98, "max_ta": 1, "building": 15}}, {"model": "scheduler.classroom", "pk": 33, "fields": {"name": "Classroom33", "capacity": 85, "max_ta": 1, "building": 9}}, {"model": "scheduler.classroom", "pk": 34, "fields": {"name": "Classroom34", "capacity": 73, "max_ta": 2, "building": 9}}, {"model": "scheduler.classroom", "pk": 35, "fields": {"name": "Classroom35", "capacity": 78, "max_ta": 1, "building": 7}}, {"model": "scheduler.classroom", "pk": 36, "fields": {"name": "Classroom36", "capacity": 77, "max_ta": 2, "building": 10}}, {"model": "scheduler.classroom", "pk": 37, "fields": {"name": "Classroom37", "capacity": 67, "max_ta": 2, "building": 0}}, {"model": "scheduler.classroom", "pk": 38, "fields": {"name": "Classroom38", "capacity": 80, "max_ta": 1, "building": 3}}, {"model": "scheduler.classroom", "pk": 39, "fields": {"name": "Classroom39", "capacity": 60, "max_ta": 3, "building": 0}}, {"model": "scheduler.classroom", "pk": 40, "fields": {"name": "Classroom40", "capacity": 69, "max_ta": 2, "building": 0}}, {"model": "scheduler.classroom", "pk": 41, "fields": {"name": "Classroom41", "capacity": 98, "max_ta": 2, "building": 3}}, {"model": "scheduler.classroom", "pk": 42, "fields": {"name": "Classroom42", "capacity": 58, "max_ta": 2, "building": 4}}, {"model": "scheduler.classroom", "pk": 43, "fields": {"name": "Classroom43", "capacity": 65, "max_ta": 1, "building": 5}}, {"model": "scheduler.classroom", "pk": 44, "fields": {"name": "Classroom44", "capacity": 90, "max_ta": 2, "building": 17}}, {"model": "scheduler.classroom", "pk": 45, "fields": {"name": "Classroom45", "capacity": 73, "max_ta": 2, "building": 11}}, {"model": "scheduler.classroom", "pk": 46, "fields": {"name": "Classroom46", "capacity": 66, "max_ta": 3, "building": 7}}, {"model": "scheduler.classroom", "pk": 47, "fields": {"name": "Classroom47", "capacity": 66, "max_ta": 2, "building": 8}}, {"model": "scheduler.classroom", "pk": 48, "fields": {"name": "Classroom48", "capacity": 59, "max_ta": 2, "building": 12}}, {"model": "scheduler.classroom", "pk": 49, "fields": {"name": "Classroom49", "capacity": 57, "max_ta": 1, "building": 15}}, {"model": "scheduler.classroom", "pk": 50, "fields": {"name": "Classroom50", "capacity": 58, "max_ta": 3, "building": 16}}, {"model": "scheduler.classroom", "pk": 51, "fields": {"name": "Classroom51", "capacity": 80, "max_ta": 1, "building": 3}}, {"model": "scheduler.classroom", "pk": 52, "fields": {"name": "Classroom52", "capacity": 100, "max_ta": 2, "building": 4}}, {"model": "scheduler.classroom", "pk": 53, "fields": {"name": "Classroom53", "capacity": 79, "max_ta": 2, "building": 12}}, {"model": "scheduler.classroom", "pk": 54, "fields": {"name": "Classroom54", "capacity": 63, "max_ta": 1, "building": 2}}, {"model": "scheduler.classroom", "pk": 55, "fields": {"name": "Classroom55", "capacity": 91, "max_ta": 1, "building": 8}}, {"model": "scheduler.classroom", "pk": 56, "fields": {"name": "Classroom56", "capacity": 85, "max_ta": 2, "building": 11}}, {"model": "scheduler.classroom", "pk": 57, "fields": {"name": "Classroom57", "capacity": 62, "max_ta": 2, "building": 16}}, {"model": "scheduler.classroom", "pk": 58, "fields": {"name": "Classroom58", "capacity": 86, "max_ta": 1, "building": 1}}, {"model": "scheduler.classroom", "pk": 59, "fields": {"name": "Classroom59", "capacity": 99, "max_ta": 2, "building": 3}}, {"model": "scheduler.classroom", "pk": 60, "fields": {"name": "Classroom60", "capacity": 78, "max_ta": 2, "building": 14}}, {"model": "scheduler.classroom", "pk": 61, "fields": {"name": "Classroom61", "capacity": 67, "max_ta": 2, "building": 16}}, {"model": "scheduler.classroom", "pk": 62, "fields": {"name": "Classroom62", "capacity": 65, "max_ta": 1, "building": 0}}, {"model": "scheduler.classroom", "pk": 63, "fields": {"name": "Classroom63", "capacity": 94, "max_ta": 2, "building": 19}}, {"model": "scheduler.classroom", "pk": 64, "fields": {"name": "Classroom64", "capacity": 57, "max_ta": 2, "building": 2}}, {"model": "scheduler.classroom", "pk": 65, "fields": {"name": "Classroom65", "capacity": 65, "max_ta": 1, "building": 11}}, {"model": "scheduler.classroom", "pk": 66, "fields": {"name": "Classroom66", "capacity": 61, "max_ta": 1, "building": 7}}, {"model": "scheduler.classroom", "pk": 67, "fields": {"name": "Classroom67", "capacity": 82, "max_ta": 3, "building": 0}}, {"model": "scheduler.classroom", "pk": 68, "fields": {"name": "Classroom68", "capacity": 100, "max_ta": 1, "building": 18}}, {"model": "scheduler.classroom", "pk": 69, "fields": {"name": "Classroom69", "capacity": 98, "max_ta": 1, "building": 5}}, {"model": "scheduler.classroom", "pk": 70, "fields": {"name": "Classroom70", "capacity": 59, "max_ta": 3, "building": 13}}, {"model": "scheduler.classroom", "pk": 71, "fields": {"name": "Classroom71", "capacity": 50, "max_ta": 3, "building": 5}}, {"model": "scheduler.classroom", "pk": 72, "fields": {"name": "Classroom72", "capacity": 84, "max_ta": 1, "building": 10}}, {"model": "scheduler.classroom", "pk": 73, "fields": {"name": "Classroom73", "capacity": 63, "max_ta": 2, "building": 6}}, {"model": "scheduler.classroom", "pk": 74, "fields": {"name": "Classroom74", "capacity": 74, "max_ta": 1, "building": 18}}, {"model": "scheduler.classroom", "pk": 75, "fields": {"name": "Classroom75", "capacity": 56, "max_ta": 3, "building": 16}}, {"model": "scheduler.classroom", "pk": 76, "fields": {"name": "Classroom76", "capacity": 100, "max_ta": 3, "building": 18}}, {"model": "scheduler.classroom", "pk": 77, "fields": {"name": "Classroom77", "capacity": 55, "max_ta": 3, "building": 3}}, {"model": "scheduler.classroom", "pk": 78, "fields": {"name": "Classroom78", "capacity": 78, "max_ta": 1, "building": 19}}, {"model": "scheduler.classroom", "pk": 79, "fields": {"name": "Classroom79", "capacity": 61, "max_ta": 2, "building": 15}}, {"model": "scheduler.classroom", "pk": 80, "fields": {"name": "Classroom80", "capacity": 67, "max_ta": 1, "building": 19}}, {"model": "scheduler.classroom", "pk": 81, "fields": {"name": "Classroom81", "capacity": 84, "max_ta": 2, "building": 14}}, {"model": "scheduler.classroom", "pk": 82, "fields": {"name": "Classroom82", "capacity": 63, "max_ta": 1, "building": 14}}, {"model": "scheduler.classroom", "pk": 83, "fields": {"name": "Classroom83", "capacity": 99, "max_ta": 2, "building": 9}}, {"model": "scheduler.classroom", "pk": 84, "fields": {"name": "Classroom84", "capacity": 79, "max_ta": 1, "building": 9}}, {"model": "scheduler.classroom", "pk": 85, "fields": {"name": "Classroom85", "capacity": 51, "max_ta": 1, "building": 5}}, {"model": "scheduler.classroom", "pk": 86, "fields": {"name": "Classroom86", "capacity": 71, "max_ta": 1, "building": 15}}, {"model": "scheduler.classroom", "pk": 87, "fields": {"name": "Classroom87", "capacity": 98, "max_ta": 3, "building": 6}}, {"model": "scheduler.classroom", "pk": 88, "fields": {"name": "Classroom88", "capacity": 72, "max_ta": 1, "building": 19}}, {"model": "scheduler.classroom", "pk": 89, "fields": {"name": "Classroom89", "capacity": 62, "max_ta": 1, "building": 0}}, {"model": "scheduler.classroom", "pk": 90, "fields": {"name": "Classroom90", "capacity": 76, "max_ta": 1, "building": 3}}, {"model": "scheduler.classroom", "pk": 91, "fields": {"name": "Classroom91", "capacity": 62, "max_ta": 1, "building": 3}}, {"model": "scheduler.classroom", "pk": 92, "fields": {"name": "Classroom92", "capacity": 84, "max_ta": 1, "building": 16}}, {"model": "scheduler.classroom", "pk": 93, "fields": {"name": "Classroom93", "capacity": 54, "max_ta": 3, "building": 11}}, {"model": "scheduler.classroom", "pk": 94, "fields": {"name": "Classroom94", "capacity": 78, "max_ta": 3, "building": 4}}, {"model": "scheduler.classroom", "pk": 95, "fields": {"name": "Classroom95", "capacity": 84, "max_ta": 1, "building": 6}}, {"model": "scheduler.classroom", "pk": 96, "fields": {"name": "Classroom96", "capacity": 69, "max_ta": 2, "building": 14}}, {"model": "scheduler.classroom", "pk": 97, "fields": {"name": "Classroom97", "capacity": 65, "max_ta": 3, "building": 13}}, {"model": "scheduler.classroom", "pk": 98, "fields": {"name": "Classroom98", "capacity": 82, "max_ta": 3, "building": 5}}, {"model": "scheduler.classroom", "pk": 99, "fields": {"name": "Classroom99", "capacity": 67, "max_ta": 2, "building": 12}}, {"model": "scheduler.course", "pk": 0, "fields": {"code": "Course 300", "capacity": 94, "building": 2}}, {"model": "scheduler.course", "pk": 1, "fields": {"code": "Course 401", "capacity": 59, "building": 6}}, {"model": "scheduler.course", "pk": 2, "fields": {"code": "Course 102", "capacity": 87, "building": 19}}, {"model": "scheduler.course", "pk": 3, "fields": {"code": "Course 503", "capacity": 82, "building": 12}}, {"model": "scheduler.course", "pk": 4, "fields": {"code": "Course 504", "capacity": 58, "building": 14}}, {"model": "scheduler.course", "pk": 5, "fields": {"code": "Course 105", "capacity": 58, "building": 0}}, {"model": "scheduler.course", "pk": 6, "fields": {"code": "Course 606", "capacity": 74, "building": 16}}, {"model": "scheduler.course", "pk": 7, "fields": {"code": "Course 407", "capacity": 69, "building": 3}}, {"model": "scheduler.course", "pk": 8, "fields": {"code": "Course 108", "capacity": 43, "building": 15}}, {"model": "scheduler.course", "pk": 9, "fields": {"code": "Course 109", "capacity": 58, "building": 6}}, {"model": "scheduler.course", "pk": 10, "fields": {"code": "Course 3010", "capacity": 58, "building": 9}}, {"model": "scheduler.course", "pk": 11, "fields": {"code": "Course 5011", "capacity": 70, "building": 4}}, {"model": "scheduler.course", "pk": 12, "fields": {"code": "Course 2012", "capacity": 71, "building": 0}}, {"model": "scheduler.course", "pk": 13, "fields": {"code": "Course 5013", "capacity": 77, "building": 9}}, {"model": "scheduler.course", "pk": 14, "fields": {"code": "Course 3014", "capacity": 85, "building": 2}}, {"model": "scheduler.course", "pk": 15, "fields": {"code": "Course 1015", "capacity": 69, "building": 17}}, {"model": "scheduler.course", "pk": 16, "fields": {"code": "Course 3016", "capacity": 83, "building": 4}}, {"model": "scheduler.course", "pk": 17, "fields": {"code": "Course 5017", "capacity": 48, "building": 7}}, {"model": "scheduler.course", "pk": 18, "fields": {"code": "Course 5018", "capacity": 62, "building": 12}}, {"model": "scheduler.course", "pk": 19, "fields": {"code": "Course 5019", "capacity": 39, "building": 17}}, {"model": "scheduler.course", "pk": 20, "fields": {"code": "Course 5020", "capacity": 98, "building": 13}}, {"model": "scheduler.course", "pk": 21, "fields": {"code": "Course 2021", "capacity": 84, "building": 14}}, {"model": "scheduler.course", "pk": 22, "fields": {"code": "Course 6022", "capacity": 53, "building": 14}}, {"model": "scheduler.course", "pk": 23, "fields": {"code": "Course 1023", "capacity": 47, "building": 14}}, {"model": "scheduler.course", "pk": 24, "fields": {"code": "Course 5024", "capacity": 84, "building": 8}}, {"model": "scheduler.course", "pk": 25, "fields": {"code": "Course 5025", "capacity": 59, "building": 5}}, {"model": "scheduler.course", "pk": 26, "fields": {"code": "Course 5026", "capacity": 96, "building": 13}}, {"model": "scheduler.course", "pk": 27, "fields": {"code": "Course 2027", "capacity": 35, "building": 16}}, {"model": "scheduler.course", "pk": 28, "fields": {"code": "Course 4028", "capacity": 67, "building": 8}}, {"model": "scheduler.course", "pk": 29, "fields": {"code": "Course 1029", "capacity": 36, "building": 16}}, {"model": "scheduler.course", "pk": 30, "fields": {"code": "Course 3030", "capacity": 93, "building": 2}}, {"model": "scheduler.course", "pk": 31, "fields": {"code": "Course 6031", "capacity": 94, "building": 14}}, {"model": "scheduler.course", "pk": 32, "fields": {"code": "Course 5032", "capacity": 58, "building": 3}}, {"model": "scheduler.course", "pk": 33, "fields": {"code": "Course 4033", "capacity": 51, "building": 13}}, {"model": "scheduler.course", "pk": 34, "fields": {"code": "Course 4034", "capacity": 46, "building": 15}}, {"model": "scheduler.course", "pk": 35, "fields": {"code": "Course 5035", "capacity": 41, "building": 3}}, {"model": "scheduler.course", "pk": 36, "fields": {"code": "Course 1036", "capacity": 82, "building": 3}}, {"model": "scheduler.course", "pk": 37, "fields": {"code": "Course 3037", "capacity": 53, "building": 16}}, {"model": "scheduler.course", "pk": 38, "fields": {"code": "Course 5038", "capacity": 75, "building": 1}}, {"model": "scheduler.course", "pk": 39, "fields": {"code": "Course 1039", "capacity": 45, "building": 12}}, {"model": "scheduler.course", "pk": 40, "fields": {"code": "Course 4040", "capacity": 87, "building": 5}}, {"model": "scheduler.course", "pk": 41, "fields": {"code": "Course 5041", "capacity": 77, "building": 1}}, {"model": "scheduler.course", "pk": 42, "fields": {"code": "Course 1042", "capacity": 46, "building": 7}}, {"model": "scheduler.course", "pk": 43, "fields": {"code": "Course 3043", "capacity": 72, "building": 18}}, {"model": "scheduler.course", "pk": 44, "fields": {"code": "Course 2044", "capacity": 49, "building": 15}}, {"model": "scheduler.course", "pk": 45, "fields": {"code": "Course 2045", "capacity": 50, "building": 2}}, {"model": "scheduler.course", "pk": 46, "fields": {"code": "Course 1046", "capacity": 44, "building": 17}}, {"model": "scheduler.course", "pk": 47, "fields": {"code": "Course 4047", "capacity": 68, "building": 15}}, {"model": "scheduler.course", "pk": 48, "fields": {"code": "Course 4048", "capacity": 69, "building": 17}}, {"model": "scheduler.course", "pk": 49, "fields": {"code": "Course 4049", "capacity": 67, "building": 1}}, {"model": "scheduler.course", "pk": 50, "fields": {"code": "Course 3050", "capacity": 66, "building": 14}}, {"model": "scheduler.course", "pk": 51, "fields": {"code": "Course 1051", "capacity": 46, "building": 4}}, {"model": "scheduler.course", "pk": 52, "fields": {"code": "Course 5052", "capacity": 66, "building": 5}}, {"model": "scheduler.course", "pk": 53, "fields": {"code": "Course 5053", "capacity": 69, "building": 7}}, {"model": "scheduler.course", "pk": 54, "fields": {"code": "Course 6054", "capacity": 68, "building": 3}}, {"model": "scheduler.course", "pk": 55, "fields": {"code": "Course 6055", "capacity": 80, "building": 2}}, {"model": "scheduler.course", "pk": 56, "fields": {"code": "Course 3056", "capacity": 78, "building": 11}}, {"model": "scheduler.course", "pk": 57, "fields": {"code": "Course 6057", "capacity": 90, "building": 19}}, {"model": "scheduler.course", "pk": 58, "fields": {"code": "Course 3058", "capacity": 75, "building": 8}}, {"model": "scheduler.course", "pk": 59, "fields": {"code": "Course 2059", "capacity": 65, "building": 15}}, {"model": "scheduler.course", "pk": 60, "fields": {"code": "Course 1060", "capacity": 92, "building": 4}}, {"model": "scheduler.course", "pk": 61, "fields": {"code": "Course 1061", "capacity": 98, "building": 4}}, {"model": "scheduler.course", "pk": 62, "fields": {"code": "Course 2062", "capacity": 46, "building": 14}}, {"model": "scheduler.course", "pk": 63, "fields": {"code": "Course 4063", "capacity": 59, "building": 14}}, {"model": "scheduler.course", "pk": 64, "fields": {"code": "Course 6064", "capacity": 38, "building": 8}}, {"model": "scheduler.course", "pk": 65, "fields": {"code": "Course 1065", "capacity": 70, "building": 3}}, {"model": "scheduler.course", "pk": 66, "fields": {"code": "Course 2066", "capacity": 52, "building": 5}}, {"model": "scheduler.course", "pk": 67, "fields": {"code": "Course 5067", "capacity": 66, "building": 18}}, {"model": "scheduler.course", "pk": 68, "fields": {"code": "Course 2068", "capacity": 45, "building": 18}}, {"model": "scheduler.course", "pk": 69, "fields": {"code": "Course 5069", "capacity": 47, "building": 15}}, {"model": "scheduler.course", "pk": 70, "fields": {"code": "Course 1070", "capacity": 54, "building": 4}}, {"model": "scheduler.course", "pk": 71, "fields": {"code": "Course 4071", "capacity": 70, "building": 19}}, {"model": "scheduler.course", "pk": 72, "fields": {"code": "Course 5072", "capacity": 73, "building": 6}}, {"model": "scheduler.course", "pk": 73, "fields": {"code": "Course 3073", "capacity": 83, "building": 14}}, {"model": "scheduler.course", "pk": 74, "fields": {"code": "Course 1074", "capacity": 38, "building": 17}}, {"model": "scheduler.course", "pk": 75, "fields": {"code": "Course 1075", "capacity": 58, "building": 2}}, {"model": "scheduler.course", "pk": 76, "fields": {"code": "Course 4076", "capacity": 36, "building": 10}}, {"model": "scheduler.course", "pk": 77, "fields": {"code": "Course 1077", "capacity": 69, "building": 17}}, {"model": "scheduler.course", "pk": 78, "fields": {"code": "Course 3078", "capacity": 96, "building": 10}}, {"model": "scheduler.course", "pk": 79, "fields": {"code": "Course 6079", "capacity": 53, "building": 5}}, {"model": "scheduler.course", "pk": 80, "fields": {"code": "Course 6080", "capacity": 80, "building": 14}}, {"model": "scheduler.course", "pk": 81, "fields": {"code": "Course 4081", "capacity": 72, "building": 13}}, {"model": "scheduler.course", "pk": 82, "fields": {"code": "Course 4082", "capacity": 52, "building": 0}}, {"model": "scheduler.course", "pk": 83, "fields": {"code": "Course 3083", "capacity": 40, "building": 1}}, {"model": "scheduler.course", "pk": 84, "fields": {"code": "Course 4084", "capacity": 84, "building": 4}}, {"model": "scheduler.course", "pk": 85, "fields": {"code": "Course 2085", "capacity": 55, "building": 0}}, {"model": "scheduler.course", "pk": 86, "fields": {"code": "Course 1086", "capacity": 88, "building": 8}}, {"model": "scheduler.course", "pk": 87, "fields": {"code": "Course 2087", "capacity": 85, "building": 19}}, {"model": "scheduler.course", "pk": 88, "fields": {"code": "Course 2088", "capacity": 67, "building": 6}}, {"model": "scheduler.course", "pk": 89, "fields": {"code": "Course 1089", "capacity": 87, "building": 3}}, {"model": "scheduler.course", "pk": 90, "fields": {"code": "Course 5090", "capacity": 35, "building": 11}}, {"model": "scheduler.course", "pk": 91, "fields": {"code": "Course 1091", "capacity": 65, "building": 13}}, {"model": "scheduler.course", "pk": 92, "fields": {"code": "Course 2092", "capacity": 68, "building": 1}}, {"model": "scheduler.course", "pk": 93, "fields": {"code": "Course 4093", "capacity": 57, "building": 12}}, {"model": "scheduler.course", "pk": 94, "fields": {"code": "Course 6094", "capacity": 76, "building": 8}}, {"model": "scheduler.course", "pk": 95, "fields": {"code": "Course 2095", "capacity": 57, "building": 6}}, {"model": "scheduler.course", "pk": 96, "fields": {"code": "Course 6096", "capacity": 48, "building": 13}}, {"model": "scheduler.course", "pk": 97, "fields": {"code": "Course 6097", "capacity": 84, "building": 19}}, {"model": "scheduler.course", "pk": 98, "fields": {"code": "Course 6098", "capacity": 91, "building": 12}}, {"model": "scheduler.course", "pk": 99, "fields": {"code": "Course 2099", "capacity": 98, "building": 2}}, {"model": "scheduler.ta", "pk": 0, "fields": {"first_name": "John840", "last_name": "Doe580", "email": "ta_email43@test.com", "building": 2}}, {"model": "scheduler.ta", "pk": 1, "fields": {"first_name": "John641", "last_name": "Doe539", "email": "ta_email98@test.com", "building": 12}}, {"model": "scheduler.ta", "pk": 2, "fields": {"first_name": "John797", "last_name": "Doe203", "email": "ta_email82@test.com", "building": 6}}, {"model": "scheduler.ta", "pk": 3, "fields": {"first_name": "John387", "last_name": "Doe502", "email": "ta_email10@test.com", "building": 4}}, {"model": "scheduler.ta", "pk": 4, "fields": {"first_name": "John971", "last_name": "Doe386", "email": "ta_email93@test.com", "building": 17}}, {"model": "scheduler.ta", "pk": 5, "fields": {"first_name": "John745", "last_name": "Doe967", "email": "ta_email94@test.com", "building": 4}}, {"model": "scheduler.ta", "pk": 6, "fields": {"first_name": "John980", "last_name": "Doe692", "email": "ta_email49@test.com", "building": 5}}, {"model": "scheduler.ta", "pk": 7, "fields": {"first_name": "John384", "last_name": "Doe629", "email": "ta_email78@test.com", "building": 7}}, {"model": "scheduler.ta", "pk": 8, "fields": {"first_name": "John544", "last_name": "Doe599", "email": "ta_email26@test.com", "building": 17}}, {"model": "scheduler.ta", "pk": 9, "fields": {"first_name": "John326", "last_name": "Doe249", "email": "ta_email10@test.com", "building": 13}}, {"model": "scheduler.ta", "pk": 10, "fields": {"first_name": "John434", "last_name": "Doe344", "email": "ta_email52@test.com", "building": 7}}, {"model": "scheduler.ta", "pk": 11, "fields": {"first_name": "John881", "last_name": "Doe557", "email": "ta_email87@test.com", "building": 0}}, {"model": "scheduler.ta", "pk": 12, "fields": {"first_name": "John183", "last_name": "Doe380", "email": "ta_email18@test.com", "building": 19}}, {"model": "scheduler.ta", "pk": 13, "fields": {"first_name": "John419", "last_name": "Doe917", "email": "ta_email95@test.com", "building": 3}}, {"model": "scheduler.ta", "pk": 14, "fields": {"first_name": "John857", "last_name": "Doe248", "email": "ta_email44@test.com", "building": 6}}, {"model": "scheduler.ta", "pk": 15, "fields": {"first_name": "John617", "last_name": "Doe541", "email": "ta_email11@test.com", "building": 7}}, {"model": "scheduler.ta", "pk": 16, "fields": {"first_name": "John786", "last_name": "Doe497", "email": "ta_email24@test.com", "building": 0}}, {"model": "scheduler.ta", "pk": 17, "fields": {"first_name": "John134", "last_name": "Doe641", "email": "ta_email49@test.com", "building": 12}}, {"model": "scheduler.ta", "pk": 18, "fields": {"first_name": "John461", "last_name": "Doe598", "email": "ta_email34@test.com", "building": 19}}, {"model": "scheduler.ta", "pk": 19, "fields": {"first_name": "John271", "last_name": "Doe374", "email": "ta_email93@test.com", "building": 18}}, {"model": "scheduler.ta", "pk": 20, "fields": {"first_name": "John598", "last_name": "Doe804", "email": "ta_email71@test.com", "building": 1}}, {"model": "scheduler.ta", "pk": 21, "fields": {"first_name": "John811", "last_name": "Doe353", "email": "ta_email63@test.com", "building": 1}}, {"model": "scheduler.ta", "pk": 22, "fields": {"first_name": "John624", "last_name": "Doe662", "email": "ta_email64@test.com", "building": 18}}, {"model": "scheduler.ta", "pk": 23, "fields": {"first_name": "John287", "last_name": "Doe521", "email": "ta_email97@test.com", "building": 17}}, {"model": "scheduler.ta", "pk": 24, "fields": {"first_name": "John682", "last_name": "Doe229", "email": "ta_email43@test.com", "building": 9}}, {"model": "scheduler.ta", "pk": 25, "fields": {"first_name": "John908", "last_name": "Doe246", "email": "ta_email52@test.com", "building": 5}}, {"model": "scheduler.ta", "pk": 26, "fields": {"first_name": "John579", "last_name": "Doe698", "email": "ta_email53@test.com", "building": 11}}, {"model": "scheduler.ta", "pk": 27, "fields": {"first_name": "John874", "last_name": "Doe275", "email": "ta_email91@test.com", "building": 12}}, {"model": "scheduler.ta", "pk": 28, "fields": {"first_name": "John494", "last_name": "Doe275", "email": "ta_email61@test.com", "building": 6}}, {"model": "scheduler.ta", "pk": 29, "fields": {"first_name": "John125", "last_name": "Doe385", "email": "ta_email47@test.com", "building": 6}}, {"model": "scheduler.ta", "pk": 30, "fields": {"first_name": "John733", "last_name": "Doe871", "email": "ta_email89@test.com", "building": 11}}, {"model": "scheduler.ta", "pk": 31, "fields": {"first_name": "John634", "last_name": "Doe397", "email": "ta_email82@test.com", "building": 4}}, {"model": "scheduler.ta", "pk": 32, "fields": {"first_name": "John390", "last_name": "Doe948", "email": "ta_email87@test.com", "building": 6}}, {"model": "scheduler.ta", "pk": 33, "fields": {"first_name": "John521", "last_name": "Doe218", "email": "ta_email57@test.com", "building": 16}}, {"model": "scheduler.ta", "pk": 34, "fields": {"first_name": "John354", "last_name": "Doe876", "email": "ta_email77@test.com", "building": 3}}, {"model": "scheduler.ta", "pk": 35, "fields": {"first_name": "John991", "last_name": "Doe367", "email": "ta_email65@test.com", "building": 19}}, {"model": "scheduler.ta", "pk": 36, "fields": {"first_name": "John463", "last_name": "Doe701", "email": "ta_email10@test.com", "building": 2}}, {"model": "scheduler.ta", "pk": 37, "fields": {"first_name": "John843", "last_name": "Doe203", "email": "ta_email83@test.com", "building": 8}}, {"model": "scheduler.ta", "pk": 38, "fields": {"first_name": "John853", "last_name": "Doe517", "email": "ta_email40@test.com", "building": 3}}, {"model": "scheduler.ta", "pk": 39, "fields": {"first_name": "John768", "last_name": "Doe993", "email": "ta_email20@test.com", "building": 8}}, {"model": "scheduler.ta", "pk": 40, "fields": {"first_name": "John669", "last_name": "Doe500", "email": "ta_email75@test.com", "building": 9}}, {"model": "scheduler.ta", "pk": 41, "fields": {"first_name": "John228", "last_name": "Doe655", "email": "ta_email27@test.com", "building": 19}}, {"model": "scheduler.ta", "pk": 42, "fields": {"first_name": "John913", "last_name": "Doe345", "email": "ta_email80@test.com", "building": 18}}, {"model": "scheduler.ta", "pk": 43, "fields": {"first_name": "John465", "last_name": "Doe363", "email": "ta_email22@test.com", "building": 16}}, {"model": "scheduler.ta", "pk": 44, "fields": {"first_name": "John477", "last_name": "Doe942", "email": "ta_email20@test.com", "building": 15}}, {"model": "scheduler.ta", "pk": 45, "fields": {"first_name": "John536", "last_name": "Doe787", "email": "ta_email80@test.com", "building": 8}}, {"model": "scheduler.ta", "pk": 46, "fields": {"first_name": "John421", "last_name": "Doe293", "email": "ta_email10@test.com", "building": 9}}, {"model": "scheduler.ta", "pk": 47, "fields": {"first_name": "John343", "last_name": "Doe765", "email": "ta_email14@test.com", "building": 10}}, {"model": "scheduler.ta", "pk": 48, "fields": {"first_name": "John297", "last_name": "Doe261", "email": "ta_email49@test.com", "building": 0}}, {"model": "scheduler.ta", "pk": 49, "fields": {"first_name": "John123", "last_name": "Doe423", "email": "ta_email54@test.com", "building": 7}}, {"model": "scheduler.ta", "pk": 50, "fields": {"first_name": "John752", "last_name": "Doe942", "email": "ta_email82@test.com", "building": 16}}, {"model": "scheduler.ta", "pk": 51, "fields": {"first_name": "John350", "last_name": "Doe681", "email": "ta_email58@test.com", "building": 0}}, {"model": "scheduler.ta", "pk": 52, "fields": {"first_name": "John768", "last_name": "Doe648", "email": "ta_email41@test.com", "building": 7}}, {"model": "scheduler.ta", "pk": 53, "fields": {"first_name": "John807", "last_name": "Doe955", "email": "ta_email89@test.com", "building": 11}}, {"model": "scheduler.ta", "pk": 54, "fields": {"first_name": "John337", "last_name": "Doe789", "email": "ta_email37@test.com", "building": 7}}, {"model": "scheduler.ta", "pk": 55, "fields": {"first_name": "John419", "last_name": "Doe236", "email": "ta_email30@test.com", "building": 19}}, {"model": "scheduler.ta", "pk": 56, "fields": {"first_name": "John631", "last_name": "Doe290", "email": "ta_email63@test.com", "building": 13}}, {"model": "scheduler.ta", "pk": 57, "fields": {"first_name": "John281", "last_name": "Doe708", "email": "ta_email50@test.com", "building": 0}}, {"model": "scheduler.ta", "pk": 58, "fields": {"first_name": "John225", "last_name": "Doe828", "email": "ta_email39@test.com", "building": 2}}, {"model": "scheduler.ta", "pk": 59, "fields": {"first_name": "John538", "last_name": "Doe395", "email": "ta_email20@test.com", "building": 18}}, {"model": "scheduler.ta", "pk": 60, "fields": {"first_name": "John565", "last_name": "Doe853", "email": "ta_email12@test.com", "building": 15}}, {"model": "scheduler.ta", "pk": 61, "fields": {"first_name": "John984", "last_name": "Doe435", "email": "ta_email91@test.com", "building": 18}}, {"model": "scheduler.ta", "pk": 62, "fields": {"first_name": "John711", "last_name": "Doe695", "email": "ta_email95@test.com", "building": 8}}, {"model": "scheduler.ta", "pk": 63, "fields": {"first_name": "John233", "last_name": "Doe937", "email": "ta_email16@test.com", "building": 5}}, {"model": "scheduler.ta", "pk": 64, "fields": {"first_name": "John208", "last_name": "Doe915", "email": "ta_email95@test.com", "building": 5}}, {"model": "scheduler.ta", "pk": 65, "fields": {"first_name": "John625", "last_name": "Doe859", "email": "ta_email19@test.com", "building": 9}}, {"model": "scheduler.ta", "pk": 66, "fields": {"first_name": "John940", "last_name": "Doe828", "email": "ta_email39@test.com", "building": 16}}, {"model": "scheduler.ta", "pk": 67, "fields": {"first_name": "John487", "last_name": "Doe126", "email": "ta_email90@test.com", "building": 8}}, {"model": "scheduler.ta", "pk": 68, "fields": {"first_name": "John540", "last_name": "Doe232", "email": "ta_email89@test.com", "building": 6}}, {"model": "scheduler.ta", "pk": 69, "fields": {"first_name": "John586", "last_name": "Doe488", "email": "ta_email66@test.com", "building": 8}}, {"model": "scheduler.ta", "pk": 70, "fields": {"first_name": "John668", "last_name": "Doe740", "email": "ta_email87@test.com", "building": 2}}, {"model": "scheduler.ta", "pk": 71, "fields": {"first_name": "John860", "last_name": "Doe983", "email": "ta_email45@test.com", "building": 17}}, {"model": "scheduler.ta", "pk": 72, "fields": {"first_name": "John310", "last_name": "Doe582", "email": "ta_email63@test.com", "building": 3}}, {"model": "scheduler.ta", "pk": 73, "fields": {"first_name": "John616", "last_name": "Doe764", "email": "ta_email16@test.com", "building": 19}}, {"model": "scheduler.ta", "pk": 74, "fields": {"first_name": "John630", "last_name": "Doe277", "email": "ta_email95@test.com", "building": 7}}, {"model": "scheduler.ta", "pk": 75, "fields": {"first_name": "John803", "last_name": "Doe644", "email": "ta_email74@test.com", "building": 2}}, {"model": "scheduler.ta", "pk": 76, "fields": {"first_name": "John421", "last_name": "Doe358", "email": "ta_email11@test.com", "building": 4}}, {"model": "scheduler.ta", "pk": 77, "fields": {"first_name": "John287", "last_name": "Doe845", "email": "ta_email60@test.com", "building": 2}}, {"model": "scheduler.ta", "pk": 78, "fields": {"first_name": "John425", "last_name": "Doe529", "email": "ta_email63@test.com", "building": 11}}, {"model": "scheduler.ta", "pk": 79, "fields": {"first_name": "John966", "last_name": "Doe522", "email": "ta_email21@test.com", "building": 1}}, {"model": "scheduler.ta", "pk": 80, "fields": {"first_name": "John590", "last_name": "Doe644", "email": "ta_email53@test.com", "building": 19}}, {"model": "scheduler.ta", "pk": 81, "fields": {"first_name": "John156", "last_name": "Doe936", "email": "ta_email83@test.com", "building": 5}}, {"model": "scheduler.ta", "pk": 82, "fields": {"first_name": "John778", "last_name": "Doe913", "email": "ta_email29@test.com", "building": 17}}, {"model": "scheduler.ta", "pk": 83, "fields": {"first_name": "John955", "last_name": "Doe868", "email": "ta_email23@test.com", "building": 7}}, {"model": "scheduler.ta", "pk": 84, "fields": {"first_name": "John814", "last_name": "Doe819", "email": "ta_email95@test.com", "building": 7}}, {"model": "scheduler.ta", "pk": 85, "fields": {"first_name": "John148", "last_name": "Doe472", "email": "ta_email49@test.com", "building": 18}}, {"model": "scheduler.ta", "pk": 86, "fields": {"first_name": "John715", "last_name": "Doe396", "email": "ta_email20@test.com", "building": 6}}, {"model": "scheduler.ta", "pk": 87, "fields": {"first_name": "John187", "last_name": "Doe181", "email": "ta_email17@test.com", "building": 15}}, {"model": "scheduler.ta", "pk": 88, "fields": {"first_name": "John948", "last_name": "Doe985", "email": "ta_email42@test.com", "building": 1}}, {"model": "scheduler.ta", "pk": 89, "fields": {"first_name": "John608", "last_name": "Doe540", "email": "ta_email64@test.com", "building": 7}}, {"model": "scheduler.ta", "pk": 90, "fields": {"first_name": "John839", "last_name": "Doe617", "email": "ta_email66@test.com", "building": 15}}, {"model": "scheduler.ta", "pk": 91, "fields": {"first_name": "John935", "last_name": "Doe797", "email": "ta_email19@test.com", "building": 13}}, {"model": "scheduler.ta", "pk": 92, "fields": {"first_name": "John543", "last_name": "Doe601", "email": "ta_email57@test.com", "building": 3}}, {"model": "scheduler.ta", "pk": 93, "fields": {"first_name": "John903", "last_name": "Doe682", "email": "ta_email25@test.com", "building": 12}}, {"model": "scheduler.ta", "pk": 94, "fields": {"first_name": "John183", "last_name": "Doe292", "email": "ta_email89@test.com", "building": 5}}, {"model": "scheduler.ta", "pk": 95, "fields": {"first_name": "John707", "last_name": "Doe999", "email": "ta_email37@test.com", "building": 8}}, {"model": "scheduler.ta", "pk": 96, "fields": {"first_name": "John349", "last_name": "Doe226", "email": "ta_email94@test.com", "building": 9}}, {"model": "scheduler.ta", "pk": 97, "fields": {"first_name": "John356", "last_name": "Doe872", "email": "ta_email81@test.com", "building": 15}}, {"model": "scheduler.ta", "pk": 98, "fields": {"first_name": "John446", "last_name": "Doe189", "email": "ta_email54@test.com", "building": 6}}, {"model": "scheduler.ta", "pk": 99, "fields": {"first_name": "John975", "last_name": "Doe342", "email": "ta_email40@test.com", "building": 9}}, {"model": "scheduler.ta", "pk": 100, "fields": {"first_name": "John851", "last_name": "Doe840", "email": "ta_email98@test.com", "building": 3}}, {"model": "scheduler.ta", "pk": 101, "fields": {"first_name": "John704", "last_name": "Doe298", "email": "ta_email67@test.com", "building": 9}}, {"model": "scheduler.ta", "pk": 102, "fields": {"first_name": "John796", "last_name": "Doe590", "email": "ta_email82@test.com", "building": 6}}, {"model": "scheduler.ta", "pk": 103, "fields": {"first_name": "John340", "last_name": "Doe464", "email": "ta_email96@test.com", "building": 12}}, {"model": "scheduler.ta", "pk": 104, "fields": {"first_name": "John176", "last_name": "Doe346", "email": "ta_email28@test.com", "building": 13}}, {"model": "scheduler.ta", "pk": 105, "fields": {"first_name": "John107", "last_name": "Doe459", "email": "ta_email12@test.com", "building": 18}}, {"model": "scheduler.ta", "pk": 106, "fields": {"first_name": "John131", "last_name": "Doe967", "email": "ta_email87@test.com", "building": 10}}, {"model": "scheduler.ta", "pk": 107, "fields": {"first_name": "John652", "last_name": "Doe124", "email": "ta_email36@test.com", "building": 4}}, {"model": "scheduler.ta", "pk": 108, "fields": {"first_name": "John417", "last_name": "Doe341", "email": "ta_email55@test.com", "building": 1}}, {"model": "scheduler.ta", "pk": 109, "fields": {"first_name": "John609", "last_name": "Doe941", "email": "ta_email88@test.com", "building": 11}}, {"model": "contenttypes.contenttype", "pk": 16, "fields": {"app_label": "scheduler", "model": "building"}}, {"model": "contenttypes.contenttype", "pk": 17, "fields": {"app_label": "scheduler", "model": "classroom"}}, {"model": "contenttypes.contenttype", "pk": 18, "fields": {"app_label": "scheduler", "model": "classroomschedule"}}, {"model": "contenttypes.contenttype", "pk": 19, "fields": {"app_label": "scheduler", "model": "course"}}, {"model": "contenttypes.contenttype", "pk": 20, "fields": {"app_label": "scheduler", "model": "exam"}}, {"model": "contenttypes.contenttype", "pk": 21, "fields": {"app_label": "scheduler", "model": "ta"}}, {"model": "contenttypes.contenttype", "pk": 22, "fields": {"app_label": "scheduler", "model": "taschedule"}}, {"model": "contenttypes.contenttype", "pk": 23, "fields": {"app_label": "scheduler", "model": "taexam"}}, {"model": "contenttypes.contenttype", "pk": 24, "fields": {"app_label": "scheduler", "model": "tacourse"}}, {"model": "contenttypes.contenttype", "pk": 25, "fields": {"app_label": "admin", "model": "logentry"}}, {"model": "contenttypes.contenttype", "pk": 26, "fields": {"app_label": "auth", "model": "permission"}}, {"model": "contenttypes.contenttype", "pk": 27, "fields": {"app_label": "auth", "model": "group"}}, {"model": "contenttypes.contenttype", "pk": 28, "fields": {"app_label": "auth", "model": "user"}}, {"model": "contenttypes.contenttype", "pk": 29, "fields": {"app_label": "contenttypes", "model": "contenttype"}}, {"model": "contenttypes.contenttype", "pk": 30, "fields": {"app_label": "sessions", "model": "session"}}, {"model": "auth.permission", "pk": 46, "fields": {"name": "Can add Building", "content_type": 16, "codename": "add_building"}}, {"model": "auth.permission", "pk": 47, "fields": {"name": "Can change Building", "content_type": 16, "codename": "change_building"}}, {"model": "auth.permission", "pk": 48, "fields": {"name": "Can delete Building", "content_type": 16, "codename": "delete_building"}}, {"model": "auth.permission", "pk": 49, "fields": {"name": "Can add Classroom", "content_type": 17, "codename": "add_classroom"}}, {"model": "auth.permission", "pk": 50, "fields": {"name": "Can change Classroom", "content_type": 17, "codename": "change_classroom"}}, {"model": "auth.permission", "pk": 51, "fields": {"name": "Can delete Classroom", "content_type": 17, "codename": "delete_classroom"}}, {"model": "auth.permission", "pk": 52, "fields": {"name": "Can add Classroom Schedule", "content_type": 18, "codename": "add_classroomschedule"}}, {"model": "auth.permission", "pk": 53, "fields": {"name": "Can change Classroom Schedule", "content_type": 18, "codename": "change_classroomschedule"}}, {"model": "auth.permission", "pk": 54, "fields": {"name": "Can delete Classroom Schedule", "content_type": 18, "codename": "delete_classroomschedule"}}, {"model": "auth.permission", "pk": 55, "fields": {"name": "Can add Course", "content_type": 19, "codename": "add_course"}}, {"model": "auth.permission", "pk": 56, "fields": {"name": "Can change Course", "content_type": 19, "codename": "change_course"}}, {"model": "auth.permission", "pk": 57, "fields": {"name": "Can delete Course", "content_type": 19, "codename": "delete_course"}}, {"model": "auth.permission", "pk": 58, "fields": {"name": "Can add Exam", "content_type": 20, "codename": "add_exam"}}, {"model": "auth.permission", "pk": 59, "fields": {"name": "Can change Exam", "content_type": 20, "codename": "change_exam"}}, {"model": "auth.permission", "pk": 60, "fields": {"name": "Can delete Exam", "content_type": 20, "codename": "delete_exam"}}, {"model": "auth.permission", "pk": 61, "fields": {"name": "Can add Teaching Assistant", "content_type": 21, "codename": "add_ta"}}, {"model": "auth.permission", "pk": 62, "fields": {"name": "Can change Teaching Assistant", "content_type": 21, "codename": "change_ta"}}, {"model": "auth.permission", "pk": 63, "fields": {"name": "Can delete Teaching Assistant", "content_type": 21, "codename": "delete_ta"}}, {"model": "auth.permission", "pk": 64, "fields": {"name": "Can add TA Schedule", "content_type": 22, "codename": "add_taschedule"}}, {"model": "auth.permission", "pk": 65, "fields": {"name": "Can change TA Schedule", "content_type": 22, "codename": "change_taschedule"}}, {"model": "auth.permission", "pk": 66, "fields": {"name": "Can delete TA Schedule", "content_type": 22, "codename": "delete_taschedule"}}, {"model": "auth.permission", "pk": 67, "fields": {"name": "Can add Exam - TA Schedule", "content_type": 23, "codename": "add_taexam"}}, {"model": "auth.permission", "pk": 68, "fields": {"name": "Can change Exam - TA Schedule", "content_type": 23, "codename": "change_taexam"}}, {"model": "auth.permission", "pk": 69, "fields": {"name": "Can delete Exam - TA Schedule", "content_type": 23, "codename": "delete_taexam"}}, {"model": "auth.permission", "pk": 70, "fields": {"name": "Can add Master TA", "content_type": 24, "codename": "add_tacourse"}}, {"model": "auth.permission", "pk": 71, "fields": {"name": "Can change Master TA", "content_type": 24, "codename": "change_tacourse"}}, {"model": "auth.permission", "pk": 72, "fields": {"name": "Can delete Master TA", "content_type": 24, "codename": "delete_tacourse"}}, {"model": "auth.permission", "pk": 73, "fields": {"name": "Can add log entry", "content_type": 25, "codename": "add_logentry"}}, {"model": "auth.permission", "pk": 74, "fields": {"name": "Can change log entry", "content_type": 25, "codename": "change_logentry"}}, {"model": "auth.permission", "pk": 75, "fields": {"name": "Can delete log entry", "content_type": 25, "codename": "delete_logentry"}}, {"model": "auth.permission", "pk": 76, "fields": {"name": "Can add permission", "content_type": 26, "codename": "add_permission"}}, {"model": "auth.permission", "pk": 77, "fields": {"name": "Can change permission", "content_type": 26, "codename": "change_permission"}}, {"model": "auth.permission", "pk": 78, "fields": {"name": "Can delete permission", "content_type": 26, "codename": "delete_permission"}}, {"model": "auth.permission", "pk": 79, "fields": {"name": "Can add group", "content_type": 27, "codename": "add_group"}}, {"model": "auth.permission", "pk": 80, "fields": {"name": "Can change group", "content_type": 27, "codename": "change_group"}}, {"model": "auth.permission", "pk": 81, "fields": {"name": "Can delete group", "content_type": 27, "codename": "delete_group"}}, {"model": "auth.permission", "pk": 82, "fields": {"name": "Can add user", "content_type": 28, "codename": "add_user"}}, {"model": "auth.permission", "pk": 83, "fields": {"name": "Can change user", "content_type": 28, "codename": "change_user"}}, {"model": "auth.permission", "pk": 84, "fields": {"name": "Can delete user", "content_type": 28, "codename": "delete_user"}}, {"model": "auth.permission", "pk": 85, "fields": {"name": "Can add content type", "content_type": 29, "codename": "add_contenttype"}}, {"model": "auth.permission", "pk": 86, "fields": {"name": "Can change content type", "content_type": 29, "codename": "change_contenttype"}}, {"model": "auth.permission", "pk": 87, "fields": {"name": "Can delete content type", "content_type": 29, "codename": "delete_contenttype"}}, {"model": "auth.permission", "pk": 88, "fields": {"name": "Can add session", "content_type": 30, "codename": "add_session"}}, {"model": "auth.permission", "pk": 89, "fields": {"name": "Can change session", "content_type": 30, "codename": "change_session"}}, {"model": "auth.permission", "pk": 90, "fields": {"name": "Can delete session", "content_type": 30, "codename": "delete_session"}}]