[{"model": "scheduler.building", "pk": 0, "fields": {"name": "Building0", "coord_x": -18.468830085509964, "coord_y": 94.76133691092295}}, {"model": "scheduler.building", "pk": 1, "fields": {"name": "Building1", "coord_x": -51.768617043438404, "coord_y": -2.103866117419102}}, {"model": "scheduler.building", "pk": 2, "fields": {"name": "Building2", "coord_x": -28.720859984230245, "coord_y": 17.107831303274963}}, {"model": "scheduler.building", "pk": 3, "fields": {"name": "Building3", "coord_x": -36.51868613786129, "coord_y": 16.579284307293165}}, {"model": "scheduler.building", "pk": 4, "fields": {"name": "Building4", "coord_x": 72.92604528545931, "coord_y": 64.66641820762342}}, {"model": "scheduler.building", "pk": 5, "fields": {"name": "Building5", "coord_x": 86.75056278968617, "coord_y": -28.106967092418245}}, {"model": "scheduler.building", "pk": 6, "fields": {"name": "Building6", "coord_x": 86.55621749935224, "coord_y": 5.562385640872037}}, {"model": "scheduler.building", "pk": 7, "fields": {"name": "Building7", "coord_x": -8.842323332808718, "coord_y": -98.68614644124301}}, {"model": "scheduler.building", "pk": 8, "fields": {"name": "Building8", "coord_x": -90.58176496970157, "coord_y": -42.57370573198565}}, {"model": "scheduler.building", "pk": 9, "fields": {"name": "Building9", "coord_x": -25.247567470565883, "coord_y": -73.20735480291782}}, {"model": "scheduler.classroom", "pk": 0, "fields": {"name": "Classroom0", "capacity": 68, "max_ta": 3, "building": 1}}, {"model": "scheduler.classroom", "pk": 1, "fields": {"name": "Classroom1", "capacity": 95, "max_ta": 3, "building": 6}}, {"model": "scheduler.classroom", "pk": 2, "fields": {"name": "Classroom2", "capacity": 76, "max_ta": 3, "building": 1}}, {"model": "scheduler.classroom", "pk": 3, "fields": {"name": "Classroom3", "capacity": 70, "max_ta": 3, "building": 8}}, {"model": "scheduler.classroom", "pk": 4, "fields": {"name": "Classroom4", "capacity": 53, "max_ta": 3, "building": 5}}, {"model": "scheduler.classroom", "pk": 5, "fields": {"name": "Classroom5", "capacity": 96, "max_ta": 2, "building": 0}}, {"model": "scheduler.classroom", "pk": 6, "fields": {"name": "Classroom6", "capacity": 52, "max_ta": 1, "building": 4}}, {"model": "scheduler.classroom", "pk": 7, "fields": {"name": "Classroom7", "capacity": 70, "max_ta": 2, "building": 9}}, {"model": "scheduler.classroom", "pk": 8, "fields": {"name": "Classroom8", "capacity": 76, "max_ta": 3, "building": 6}}, {"model": "scheduler.classroom", "pk": 9, "fields": {"name": "Classroom9", "capacity": 82, "max_ta": 3, "building": 5}}, {"model": "scheduler.classroom", "pk": 10, "fields": {"name": "Classroom10", "capacity": 71, "max_ta": 2, "building": 4}}, {"model": "scheduler.classroom", "pk": 11, "fields": {"name": "Classroom11", "capacity": 96, "max_ta": 1, "building": 2}}, {"model": "scheduler.classroom", "pk": 12, "fields": {"name": "Classroom12", "capacity": 93, "max_ta": 3, "building": 1}}, {"model": "scheduler.classroom", "pk": 13, "fields": {"name": "Classroom13", "capacity": 84, "max_ta": 3, "building": 0}}, {"model": "scheduler.classroom", "pk": 14, "fields": {"name": "Classroom14", "capacity": 87, "max_ta": 1, "building": 7}}, {"model": "scheduler.classroom", "pk": 15, "fields": {"name": "Classroom15", "capacity": 79, "max_ta": 3, "building": 7}}, {"model": "scheduler.classroom", "pk": 16, "fields": {"name": "Classroom16", "capacity": 59, "max_ta": 1, "building": 6}}, {"model": "scheduler.classroom", "pk": 17, "fields": {"name": "Classroom17", "capacity": 62, "max_ta": 2, "building": 1}}, {"model": "scheduler.classroom", "pk": 18, "fields": {"name": "Classroom18", "capacity": 75, "max_ta": 3, "building": 2}}, {"model": "scheduler.classroom", "pk": 19, "fields": {"name": "Classroom19", "capacity": 90, "max_ta": 3, "building": 2}}, {"model": "scheduler.classroom", "pk": 20, "fields": {"name": "Classroom20", "capacity": 88, "max_ta": 2, "building": 1}}, {"model": "scheduler.classroom", "pk": 21, "fields": {"name": "Classroom21", "capacity": 70, "max_ta": 2, "building": 1}}, {"model": "scheduler.classroom", "pk": 22, "fields": {"name": "Classroom22", "capacity": 100, "max_ta": 1, "building": 6}}, {"model": "scheduler.classroom", "pk": 23, "fields": {"name": "Classroom23", "capacity": 99, "max_ta": 1, "building": 2}}, {"model": "scheduler.classroom", "pk": 24, "fields": {"name": "Classroom24", "capacity": 72, "max_ta": 1, "building": 2}}, {"model": "scheduler.classroom", "pk": 25, "fields": {"name": "Classroom25", "capacity": 50, "max_ta": 3, "building": 5}}, {"model": "scheduler.classroom", "pk": 26, "fields": {"name": "Classroom26", "capacity": 55, "max_ta": 1, "building": 6}}, {"model": "scheduler.classroom", "pk": 27, "fields": {"name": "Classroom27", "capacity": 87, "max_ta": 2, "building": 4}}, {"model": "scheduler.classroom", "pk": 28, "fields": {"name": "Classroom28", "capacity": 71, "max_ta": 2, "building": 9}}, {"model": "scheduler.classroom", "pk": 29, "fields": {"name": "Classroom29", "capacity": 78, "max_ta": 2, "building": 2}}, {"model": "scheduler.classroom", "pk": 30, "fields": {"name": "Classroom30", "capacity": 65, "max_ta": 2, "building": 6}}, {"model": "scheduler.classroom", "pk": 31, "fields": {"name": "Classroom31", "capacity": 81, "max_ta": 3, "building": 4}}, {"model": "scheduler.classroom", "pk": 32, "fields": {"name": "Classroom32", "capacity": 91, "max_ta": 1, "building": 2}}, {"model": "scheduler.classroom", "pk": 33, "fields": {"name": "Classroom33", "capacity": 66, "max_ta": 3, "building": 9}}, {"model": "scheduler.classroom", "pk": 34, "fields": {"name": "Classroom34", "capacity": 51, "max_ta": 2, "building": 2}}, {"model": "scheduler.classroom", "pk": 35, "fields": {"name": "Classroom35", "capacity": 53, "max_ta": 1, "building": 9}}, {"model": "scheduler.classroom", "pk": 36, "fields": {"name": "Classroom36", "capacity": 58, "max_ta": 3, "building": 4}}, {"model": "scheduler.classroom", "pk": 37, "fields": {"name": "Classroom37", "capacity": 55, "max_ta": 2, "building": 0}}, {"model": "scheduler.classroom", "pk": 38, "fields": {"name": "Classroom38", "capacity": 54, "max_ta": 2, "building": 6}}, {"model": "scheduler.classroom", "pk": 39, "fields": {"name": "Classroom39", "capacity": 72, "max_ta": 1, "building": 7}}, {"model": "scheduler.classroom", "pk": 40, "fields": {"name": "Classroom40", "capacity": 94, "max_ta": 1, "building": 2}}, {"model": "scheduler.classroom", "pk": 41, "fields": {"name": "Classroom41", "capacity": 52, "max_ta": 3, "building": 2}}, {"model": "scheduler.classroom", "pk": 42, "fields": {"name": "Classroom42", "capacity": 75, "max_ta": 3, "building": 6}}, {"model": "scheduler.classroom", "pk": 43, "fields": {"name": "Classroom43", "capacity": 54, "max_ta": 2, "building": 3}}, {"model": "scheduler.classroom", "pk": 44, "fields": {"name": "Classroom44", "capacity": 74, "max_ta": 3, "building": 4}}, {"model": "scheduler.classroom", "pk": 45, "fields": {"name": "Classroom45", "capacity": 58, "max_ta": 1, "building": 4}}, {"model": "scheduler.classroom", "pk": 46, "fields": {"name": "Classroom46", "capacity": 87, "max_ta": 1, "building": 9}}, {"model": "scheduler.classroom", "pk": 47, "fields": {"name": "Classroom47", "capacity": 98, "max_ta": 2, "building": 4}}, {"model": "scheduler.classroom", "pk": 48, "fields": {"name": "Classroom48", "capacity": 77, "max_ta": 2, "building": 1}}, {"model": "scheduler.classroom", "pk": 49, "fields": {"name": "Classroom49", "capacity": 87, "max_ta": 2, "building": 7}}, {"model": "scheduler.classroom", "pk": 50, "fields": {"name": "Classroom50", "capacity": 61, "max_ta": 2, "building": 1}}, {"model": "scheduler.classroom", "pk": 51, "fields": {"name": "Classroom51", "capacity": 68, "max_ta": 2, "building": 8}}, {"model": "scheduler.classroom", "pk": 52, "fields": {"name": "Classroom52", "capacity": 81, "max_ta": 2, "building": 4}}, {"model": "scheduler.classroom", "pk": 53, "fields": {"name": "Classroom53", "capacity": 52, "max_ta": 1, "building": 5}}, {"model": "scheduler.classroom", "pk": 54, "fields": {"name": "Classroom54", "capacity": 90, "max_ta": 1, "building": 8}}, {"model": "scheduler.classroom", "pk": 55, "fields": {"name": "Classroom55", "capacity": 68, "max_ta": 2, "building": 5}}, {"model": "scheduler.classroom", "pk": 56, "fields": {"name": "Classroom56", "capacity": 58, "max_ta": 3, "building": 8}}, {"model": "scheduler.classroom", "pk": 57, "fields": {"name": "Classroom57", "capacity": 82, "max_ta": 1, "building": 8}}, {"model": "scheduler.classroom", "pk": 58, "fields": {"name": "Classroom58", "capacity": 95, "max_ta": 2, "building": 6}}, {"model": "scheduler.classroom", "pk": 59, "fields": {"name": "Classroom59", "capacity": 77, "max_ta": 2, "building": 9}}, {"model": "scheduler.course", "pk": 0, "fields": {"code": "Course 300", "capacity": 49, "building": 2}}, {"model": "scheduler.course", "pk": 1, "fields": {"code": "Course 601", "capacity": 55, "building": 7}}, {"model": "scheduler.course", "pk": 2, "fields": {"code": "Course 302", "capacity": 91, "building": 5}}, {"model": "scheduler.course", "pk": 3, "fields": {"code": "Course 503", "capacity": 83, "building": 2}}, {"model": "scheduler.course", "pk": 4, "fields": {"code": "Course 504", "capacity": 46, "building": 4}}, {"model": "scheduler.course", "pk": 5, "fields": {"code": "Course 605", "capacity": 86, "building": 9}}, {"model": "scheduler.course", "pk": 6, "fields": {"code": "Course 206", "capacity": 52, "building": 5}}, {"model": "scheduler.course", "pk": 7, "fields": {"code": "Course 107", "capacity": 85, "building": 4}}, {"model": "scheduler.course", "pk": 8, "fields": {"code": "Course 408", "capacity": 41, "building": 5}}, {"model": "scheduler.course", "pk": 9, "fields": {"code": "Course 309", "capacity": 95, "building": 1}}, {"model": "scheduler.course", "pk": 10, "fields": {"code": "Course 3010", "capacity": 79, "building": 8}}, {"model": "scheduler.course", "pk": 11, "fields": {"code": "Course 6011", "capacity": 87, "building": 0}}, {"model": "scheduler.course", "pk": 12, "fields": {"code": "Course 1012", "capacity": 49, "building": 2}}, {"model": "scheduler.course", "pk": 13, "fields": {"code": "Course 3013", "capacity": 66, "building": 0}}, {"model": "scheduler.course", "pk": 14, "fields": {"code": "Course 2014", "capacity": 63, "building": 5}}, {"model": "scheduler.course", "pk": 15, "fields": {"code": "Course 5015", "capacity": 82, "building": 1}}, {"model": "scheduler.course", "pk": 16, "fields": {"code": "Course 3016", "capacity": 41, "building": 1}}, {"model": "scheduler.course", "pk": 17, "fields": {"code": "Course 5017", "capacity": 75, "building": 4}}, {"model": "scheduler.course", "pk": 18, "fields": {"code": "Course 1018", "capacity": 90, "building": 1}}, {"model": "scheduler.course", "pk": 19, "fields": {"code": "Course 2019", "capacity": 72, "building": 9}}, {"model": "scheduler.course", "pk": 20, "fields": {"code": "Course 4020", "capacity": 96, "building": 5}}, {"model": "scheduler.course", "pk": 21, "fields": {"code": "Course 6021", "capacity": 74, "building": 0}}, {"model": "scheduler.course", "pk": 22, "fields": {"code": "Course 6022", "capacity": 58, "building": 7}}, {"model": "scheduler.course", "pk": 23, "fields": {"code": "Course 1023", "capacity": 82, "building": 8}}, {"model": "scheduler.course", "pk": 24, "fields": {"code": "Course 3024", "capacity": 73, "building": 0}}, {"model": "scheduler.course", "pk": 25, "fields": {"code": "Course 3025", "capacity": 74, "building": 8}}, {"model": "scheduler.course", "pk": 26, "fields": {"code": "Course 5026", "capacity": 81, "building": 9}}, {"model": "scheduler.course", "pk": 27, "fields": {"code": "Course 4027", "capacity": 41, "building": 0}}, {"model": "scheduler.course", "pk": 28, "fields": {"code": "Course 4028", "capacity": 61, "building": 1}}, {"model": "scheduler.course", "pk": 29, "fields": {"code": "Course 6029", "capacity": 52, "building": 4}}, {"model": "scheduler.course", "pk": 30, "fields": {"code": "Course 5030", "capacity": 86, "building": 8}}, {"model": "scheduler.course", "pk": 31, "fields": {"code": "Course 1031", "capacity": 39, "building": 6}}, {"model": "scheduler.course", "pk": 32, "fields": {"code": "Course 1032", "capacity": 39, "building": 0}}, {"model": "scheduler.course", "pk": 33, "fields": {"code": "Course 3033", "capacity": 49, "building": 1}}, {"model": "scheduler.course", "pk": 34, "fields": {"code": "Course 4034", "capacity": 85, "building": 9}}, {"model": "scheduler.course", "pk": 35, "fields": {"code": "Course 2035", "capacity": 81, "building": 6}}, {"model": "scheduler.course", "pk": 36, "fields": {"code": "Course 2036", "capacity": 35, "building": 8}}, {"model": "scheduler.course", "pk": 37, "fields": {"code": "Course 4037", "capacity": 85, "building": 1}}, {"model": "scheduler.course", "pk": 38, "fields": {"code": "Course 5038", "capacity": 79, "building": 9}}, {"model": "scheduler.course", "pk": 39, "fields": {"code": "Course 3039", "capacity": 55, "building": 1}}, {"model": "scheduler.course", "pk": 40, "fields": {"code": "Course 4040", "capacity": 68, "building": 2}}, {"model": "scheduler.course", "pk": 41, "fields": {"code": "Course 1041", "capacity": 66, "building": 9}}, {"model": "scheduler.course", "pk": 42, "fields": {"code": "Course 1042", "capacity": 88, "building": 9}}, {"model": "scheduler.course", "pk": 43, "fields": {"code": "Course 4043", "capacity": 52, "building": 6}}, {"model": "scheduler.course", "pk": 44, "fields": {"code": "Course 4044", "capacity": 84, "building": 9}}, {"model": "scheduler.course", "pk": 45, "fields": {"code": "Course 2045", "capacity": 90, "building": 2}}, {"model": "scheduler.course", "pk": 46, "fields": {"code": "Course 1046", "capacity": 59, "building": 7}}, {"model": "scheduler.course", "pk": 47, "fields": {"code": "Course 3047", "capacity": 47, "building": 5}}, {"model": "scheduler.course", "pk": 48, "fields": {"code": "Course 5048", "capacity": 69, "building": 2}}, {"model": "scheduler.course", "pk": 49, "fields": {"code": "Course 2049", "capacity": 59, "building": 5}}, {"model": "scheduler.course", "pk": 50, "fields": {"code": "Course 1050", "capacity": 98, "building": 1}}, {"model": "scheduler.course", "pk": 51, "fields": {"code": "Course 4051", "capacity": 87, "building": 7}}, {"model": "scheduler.course", "pk": 52, "fields": {"code": "Course 6052", "capacity": 84, "building": 9}}, {"model": "scheduler.course", "pk": 53, "fields": {"code": "Course 5053", "capacity": 52, "building": 8}}, {"model": "scheduler.course", "pk": 54, "fields": {"code": "Course 1054", "capacity": 75, "building": 4}}, {"model": "scheduler.course", "pk": 55, "fields": {"code": "Course 1055", "capacity": 45, "building": 3}}, {"model": "scheduler.course", "pk": 56, "fields": {"code": "Course 6056", "capacity": 86, "building": 0}}, {"model": "scheduler.course", "pk": 57, "fields": {"code": "Course 5057", "capacity": 67, "building": 8}}, {"model": "scheduler.course", "pk": 58, "fields": {"code": "Course 5058", "capacity": 42, "building": 4}}, {"model": "scheduler.course", "pk": 59, "fields": {"code": "Course 5059", "capacity": 99, "building": 7}}, {"model": "scheduler.exam", "pk": 2041, "fields": {"start_time": "2017-12-08T17:00:00", "end_time": "2017-12-08T19:00:00", "type": "MIDTERM", "course": 59}}, {"model": "scheduler.exam", "pk": 2042, "fields": {"start_time": "2017-12-05T15:00:00", "end_time": "2017-12-05T17:00:00", "type": "MIDTERM", "course": 50}}, {"model": "scheduler.exam", "pk": 2043, "fields": {"start_time": "2017-12-13T16:00:00", "end_time": "2017-12-13T18:00:00", "type": "MIDTERM", "course": 20}}, {"model": "scheduler.exam", "pk": 2044, "fields": {"start_time": "2017-12-08T16:00:00", "end_time": "2017-12-08T18:00:00", "type": "MIDTERM", "course": 9}}, {"model": "scheduler.exam", "pk": 2045, "fields": {"start_time": "2017-12-16T12:00:00", "end_time": "2017-12-16T14:00:00", "type": "MIDTERM", "course": 2}}, {"model": "scheduler.exam", "pk": 2046, "fields": {"start_time": "2017-12-07T15:00:00", "end_time": "2017-12-07T17:00:00", "type": "MIDTERM", "course": 18}}, {"model": "scheduler.exam", "pk": 2047, "fields": {"start_time": "2017-12-04T09:00:00", "end_time": "2017-12-04T11:00:00", "type": "MIDTERM", "course": 45}}, {"model": "scheduler.exam", "pk": 2048, "fields": {"start_time": "2017-12-16T09:00:00", "end_time": "2017-12-16T11:00:00", "type": "MIDTERM", "course": 42}}, {"model": "scheduler.exam", "pk": 2049, "fields": {"start_time": "2017-12-09T09:00:00", "end_time": "2017-12-09T11:00:00", "type": "MIDTERM", "course": 11}}, {"model": "scheduler.exam", "pk": 2050, "fields": {"start_time": "2017-12-06T09:00:00", "end_time": "2017-12-06T11:00:00", "type": "MIDTERM", "course": 51}}, {"model": "scheduler.exam", "pk": 2051, "fields": {"start_time": "2017-12-09T17:00:00", "end_time": "2017-12-09T19:00:00", "type": "MIDTERM", "course": 5}}, {"model": "scheduler.exam", "pk": 2052, "fields": {"start_time": "2017-12-11T10:00:00", "end_time": "2017-12-11T12:00:00", "type": "MIDTERM", "course": 30}}, {"model": "scheduler.exam", "pk": 2053, "fields": {"start_time": "2017-12-12T09:00:00", "end_time": "2017-12-12T11:00:00", "type": "MIDTERM", "course": 56}}, {"model": "scheduler.exam", "pk": 2054, "fields": {"start_time": "2017-12-03T16:00:00", "end_time": "2017-12-03T18:00:00", "type": "MIDTERM", "course": 7}}, {"model": "scheduler.exam", "pk": 2055, "fields": {"start_time": "2017-12-15T11:00:00", "end_time": "2017-12-15T13:00:00", "type": "MIDTERM", "course": 34}}, {"model": "scheduler.exam", "pk": 2056, "fields": {"start_time": "2017-12-05T17:00:00", "end_time": "2017-12-05T19:00:00", "type": "MIDTERM", "course": 37}}, {"model": "scheduler.exam", "pk": 2057, "fields": {"start_time": "2017-12-07T08:00:00", "end_time": "2017-12-07T10:00:00", "type": "MIDTERM", "course": 44}}, {"model": "scheduler.exam", "pk": 2058, "fields": {"start_time": "2017-12-04T11:00:00", "end_time": "2017-12-04T13:00:00", "type": "MIDTERM", "course": 52}}, {"model": "scheduler.exam", "pk": 2059, "fields": {"start_time": "2017-12-09T10:00:00", "end_time": "2017-12-09T12:00:00", "type": "MIDTERM", "course": 3}}, {"model": "scheduler.exam", "pk": 2060, "fields": {"start_time": "2017-12-10T10:00:00", "end_time": "2017-12-10T12:00:00", "type": "MIDTERM", "course": 15}}, {"model": "scheduler.exam", "pk": 2061, "fields": {"start_time": "2017-12-13T10:00:00", "end_time": "2017-12-13T12:00:00", "type": "MIDTERM", "course": 23}}, {"model": "scheduler.exam", "pk": 2062, "fields": {"start_time": "2017-12-06T12:00:00", "end_time": "2017-12-06T14:00:00", "type": "MIDTERM", "course": 26}}, {"model": "scheduler.exam", "pk": 2063, "fields": {"start_time": "2017-12-03T10:00:00", "end_time": "2017-12-03T12:00:00", "type": "MIDTERM", "course": 35}}, {"model": "scheduler.exam", "pk": 2064, "fields": {"start_time": "2017-12-06T17:00:00", "end_time": "2017-12-06T19:00:00", "type": "MIDTERM", "course": 10}}, {"model": "scheduler.exam", "pk": 2065, "fields": {"start_time": "2017-12-14T17:00:00", "end_time": "2017-12-14T19:00:00", "type": "MIDTERM", "course": 38}}, {"model": "scheduler.exam", "pk": 2066, "fields": {"start_time": "2017-12-03T10:00:00", "end_time": "2017-12-03T12:00:00", "type": "MIDTERM", "course": 17}}, {"model": "scheduler.exam", "pk": 2067, "fields": {"start_time": "2017-12-11T11:00:00", "end_time": "2017-12-11T13:00:00", "type": "MIDTERM", "course": 54}}, {"model": "scheduler.exam", "pk": 2068, "fields": {"start_time": "2017-12-09T08:00:00", "end_time": "2017-12-09T10:00:00", "type": "MIDTERM", "course": 21}}, {"model": "scheduler.exam", "pk": 2069, "fields": {"start_time": "2017-12-14T16:00:00", "end_time": "2017-12-14T18:00:00", "type": "MIDTERM", "course": 25}}, {"model": "scheduler.exam", "pk": 2070, "fields": {"start_time": "2017-12-17T10:00:00", "end_time": "2017-12-17T12:00:00", "type": "MIDTERM", "course": 24}}, {"model": "scheduler.exam", "pk": 2071, "fields": {"start_time": "2017-12-14T17:00:00", "end_time": "2017-12-14T19:00:00", "type": "MIDTERM", "course": 19}}, {"model": "scheduler.exam", "pk": 2072, "fields": {"start_time": "2017-12-13T13:00:00", "end_time": "2017-12-13T15:00:00", "type": "MIDTERM", "course": 48}}, {"model": "scheduler.exam", "pk": 2073, "fields": {"start_time": "2017-12-12T11:00:00", "end_time": "2017-12-12T13:00:00", "type": "MIDTERM", "course": 40}}, {"model": "scheduler.exam", "pk": 2074, "fields": {"start_time": "2017-12-07T08:00:00", "end_time": "2017-12-07T10:00:00", "type": "MIDTERM", "course": 57}}, {"model": "scheduler.exam", "pk": 2075, "fields": {"start_time": "2017-12-10T08:00:00", "end_time": "2017-12-10T10:00:00", "type": "MIDTERM", "course": 13}}, {"model": "scheduler.exam", "pk": 2076, "fields": {"start_time": "2017-12-08T09:00:00", "end_time": "2017-12-08T11:00:00", "type": "MIDTERM", "course": 41}}, {"model": "scheduler.exam", "pk": 2077, "fields": {"start_time": "2017-12-06T16:00:00", "end_time": "2017-12-06T18:00:00", "type": "MIDTERM", "course": 14}}, {"model": "scheduler.exam", "pk": 2078, "fields": {"start_time": "2017-12-09T14:00:00", "end_time": "2017-12-09T16:00:00", "type": "MIDTERM", "course": 28}}, {"model": "scheduler.exam", "pk": 2079, "fields": {"start_time": "2017-12-05T14:00:00", "end_time": "2017-12-05T16:00:00", "type": "MIDTERM", "course": 46}}, {"model": "scheduler.exam", "pk": 2080, "fields": {"start_time": "2017-12-08T17:00:00", "end_time": "2017-12-08T19:00:00", "type": "MIDTERM", "course": 49}}, {"model": "scheduler.exam", "pk": 2081, "fields": {"start_time": "2017-12-09T09:00:00", "end_time": "2017-12-09T11:00:00", "type": "MIDTERM", "course": 22}}, {"model": "scheduler.exam", "pk": 2082, "fields": {"start_time": "2017-12-12T17:00:00", "end_time": "2017-12-12T19:00:00", "type": "MIDTERM", "course": 1}}, {"model": "scheduler.exam", "pk": 2083, "fields": {"start_time": "2017-12-14T16:00:00", "end_time": "2017-12-14T18:00:00", "type": "MIDTERM", "course": 39}}, {"model": "scheduler.exam", "pk": 2084, "fields": {"start_time": "2017-12-16T17:00:00", "end_time": "2017-12-16T19:00:00", "type": "MIDTERM", "course": 6}}, {"model": "scheduler.exam", "pk": 2085, "fields": {"start_time": "2017-12-12T12:00:00", "end_time": "2017-12-12T14:00:00", "type": "MIDTERM", "course": 29}}, {"model": "scheduler.exam", "pk": 2086, "fields": {"start_time": "2017-12-11T15:00:00", "end_time": "2017-12-11T17:00:00", "type": "MIDTERM", "course": 43}}, {"model": "scheduler.exam", "pk": 2087, "fields": {"start_time": "2017-12-14T13:00:00", "end_time": "2017-12-14T15:00:00", "type": "MIDTERM", "course": 53}}, {"model": "scheduler.exam", "pk": 2088, "fields": {"start_time": "2017-12-07T09:00:00", "end_time": "2017-12-07T11:00:00", "type": "MIDTERM", "course": 0}}, {"model": "scheduler.exam", "pk": 2089, "fields": {"start_time": "2017-12-07T08:00:00", "end_time": "2017-12-07T10:00:00", "type": "MIDTERM", "course": 12}}, {"model": "scheduler.exam", "pk": 2090, "fields": {"start_time": "2017-12-08T12:00:00", "end_time": "2017-12-08T14:00:00", "type": "MIDTERM", "course": 33}}, {"model": "scheduler.exam", "pk": 2091, "fields": {"start_time": "2017-12-07T12:00:00", "end_time": "2017-12-07T14:00:00", "type": "MIDTERM", "course": 47}}, {"model": "scheduler.exam", "pk": 2092, "fields": {"start_time": "2017-12-17T15:00:00", "end_time": "2017-12-17T17:00:00", "type": "MIDTERM", "course": 4}}, {"model": "scheduler.exam", "pk": 2093, "fields": {"start_time": "2017-12-06T10:00:00", "end_time": "2017-12-06T12:00:00", "type": "MIDTERM", "course": 55}}, {"model": "scheduler.exam", "pk": 2094, "fields": {"start_time": "2017-12-10T10:00:00", "end_time": "2017-12-10T12:00:00", "type": "MIDTERM", "course": 58}}, {"model": "scheduler.exam", "pk": 2095, "fields": {"start_time": "2017-12-12T10:00:00", "end_time": "2017-12-12T12:00:00", "type": "MIDTERM", "course": 8}}, {"model": "scheduler.exam", "pk": 2096, "fields": {"start_time": "2017-12-04T11:00:00", "end_time": "2017-12-04T13:00:00", "type": "MIDTERM", "course": 16}}, {"model": "scheduler.exam", "pk": 2097, "fields": {"start_time": "2017-12-08T12:00:00", "end_time": "2017-12-08T14:00:00", "type": "MIDTERM", "course": 27}}, {"model": "scheduler.exam", "pk": 2098, "fields": {"start_time": "2017-12-17T13:00:00", "end_time": "2017-12-17T15:00:00", "type": "MIDTERM", "course": 31}}, {"model": "scheduler.exam", "pk": 2099, "fields": {"start_time": "2017-12-06T13:00:00", "end_time": "2017-12-06T15:00:00", "type": "MIDTERM", "course": 32}}, {"model": "scheduler.exam", "pk": 2100, "fields": {"start_time": "2017-12-16T08:00:00", "end_time": "2017-12-16T10:00:00", "type": "MIDTERM", "course": 36}}, {"model": "scheduler.exam", "pk": 2101, "fields": {"start_time": "2018-02-07T15:00:00", "end_time": "2018-02-07T17:00:00", "type": "FINAL", "course": 59}}, {"model": "scheduler.exam", "pk": 2102, "fields": {"start_time": "2018-02-09T08:00:00", "end_time": "2018-02-09T10:00:00", "type": "FINAL", "course": 50}}, {"model": "scheduler.exam", "pk": 2103, "fields": {"start_time": "2018-02-05T10:00:00", "end_time": "2018-02-05T12:00:00", "type": "FINAL", "course": 20}}, {"model": "scheduler.exam", "pk": 2104, "fields": {"start_time": "2018-01-31T12:00:00", "end_time": "2018-01-31T14:00:00", "type": "FINAL", "course": 9}}, {"model": "scheduler.exam", "pk": 2105, "fields": {"start_time": "2018-02-11T16:00:00", "end_time": "2018-02-11T18:00:00", "type": "FINAL", "course": 2}}, {"model": "scheduler.exam", "pk": 2106, "fields": {"start_time": "2018-02-09T11:00:00", "end_time": "2018-02-09T13:00:00", "type": "FINAL", "course": 18}}, {"model": "scheduler.exam", "pk": 2107, "fields": {"start_time": "2018-01-29T16:00:00", "end_time": "2018-01-29T18:00:00", "type": "FINAL", "course": 45}}, {"model": "scheduler.exam", "pk": 2108, "fields": {"start_time": "2018-02-01T15:00:00", "end_time": "2018-02-01T17:00:00", "type": "FINAL", "course": 42}}, {"model": "scheduler.exam", "pk": 2109, "fields": {"start_time": "2018-01-30T13:00:00", "end_time": "2018-01-30T15:00:00", "type": "FINAL", "course": 11}}, {"model": "scheduler.exam", "pk": 2110, "fields": {"start_time": "2018-02-04T08:00:00", "end_time": "2018-02-04T10:00:00", "type": "FINAL", "course": 51}}, {"model": "scheduler.exam", "pk": 2111, "fields": {"start_time": "2018-02-10T12:00:00", "end_time": "2018-02-10T14:00:00", "type": "FINAL", "course": 5}}, {"model": "scheduler.exam", "pk": 2112, "fields": {"start_time": "2018-01-28T17:00:00", "end_time": "2018-01-28T19:00:00", "type": "FINAL", "course": 30}}, {"model": "scheduler.exam", "pk": 2113, "fields": {"start_time": "2018-01-30T09:00:00", "end_time": "2018-01-30T11:00:00", "type": "FINAL", "course": 56}}, {"model": "scheduler.exam", "pk": 2114, "fields": {"start_time": "2018-02-06T13:00:00", "end_time": "2018-02-06T15:00:00", "type": "FINAL", "course": 7}}, {"model": "scheduler.exam", "pk": 2115, "fields": {"start_time": "2018-02-08T14:00:00", "end_time": "2018-02-08T16:00:00", "type": "FINAL", "course": 34}}, {"model": "scheduler.exam", "pk": 2116, "fields": {"start_time": "2018-02-05T17:00:00", "end_time": "2018-02-05T19:00:00", "type": "FINAL", "course": 37}}, {"model": "scheduler.exam", "pk": 2117, "fields": {"start_time": "2018-01-28T09:00:00", "end_time": "2018-01-28T11:00:00", "type": "FINAL", "course": 44}}, {"model": "scheduler.exam", "pk": 2118, "fields": {"start_time": "2018-02-11T16:00:00", "end_time": "2018-02-11T18:00:00", "type": "FINAL", "course": 52}}, {"model": "scheduler.exam", "pk": 2119, "fields": {"start_time": "2018-02-01T17:00:00", "end_time": "2018-02-01T19:00:00", "type": "FINAL", "course": 3}}, {"model": "scheduler.exam", "pk": 2120, "fields": {"start_time": "2018-02-02T14:00:00", "end_time": "2018-02-02T16:00:00", "type": "FINAL", "course": 15}}, {"model": "scheduler.exam", "pk": 2121, "fields": {"start_time": "2018-02-09T12:00:00", "end_time": "2018-02-09T14:00:00", "type": "FINAL", "course": 23}}, {"model": "scheduler.exam", "pk": 2122, "fields": {"start_time": "2018-02-09T12:00:00", "end_time": "2018-02-09T14:00:00", "type": "FINAL", "course": 26}}, {"model": "scheduler.exam", "pk": 2123, "fields": {"start_time": "2018-01-31T13:00:00", "end_time": "2018-01-31T15:00:00", "type": "FINAL", "course": 35}}, {"model": "scheduler.exam", "pk": 2124, "fields": {"start_time": "2018-02-01T16:00:00", "end_time": "2018-02-01T18:00:00", "type": "FINAL", "course": 10}}, {"model": "scheduler.exam", "pk": 2125, "fields": {"start_time": "2018-02-06T11:00:00", "end_time": "2018-02-06T13:00:00", "type": "FINAL", "course": 38}}, {"model": "scheduler.exam", "pk": 2126, "fields": {"start_time": "2018-01-29T12:00:00", "end_time": "2018-01-29T14:00:00", "type": "FINAL", "course": 17}}, {"model": "scheduler.exam", "pk": 2127, "fields": {"start_time": "2018-02-01T17:00:00", "end_time": "2018-02-01T19:00:00", "type": "FINAL", "course": 54}}, {"model": "scheduler.exam", "pk": 2128, "fields": {"start_time": "2018-02-05T15:00:00", "end_time": "2018-02-05T17:00:00", "type": "FINAL", "course": 21}}, {"model": "scheduler.exam", "pk": 2129, "fields": {"start_time": "2018-02-05T11:00:00", "end_time": "2018-02-05T13:00:00", "type": "FINAL", "course": 25}}, {"model": "scheduler.exam", "pk": 2130, "fields": {"start_time": "2018-02-01T11:00:00", "end_time": "2018-02-01T13:00:00", "type": "FINAL", "course": 24}}, {"model": "scheduler.exam", "pk": 2131, "fields": {"start_time": "2018-02-10T11:00:00", "end_time": "2018-02-10T13:00:00", "type": "FINAL", "course": 19}}, {"model": "scheduler.exam", "pk": 2132, "fields": {"start_time": "2018-01-31T16:00:00", "end_time": "2018-01-31T18:00:00", "type": "FINAL", "course": 48}}, {"model": "scheduler.exam", "pk": 2133, "fields": {"start_time": "2018-02-08T17:00:00", "end_time": "2018-02-08T19:00:00", "type": "FINAL", "course": 40}}, {"model": "scheduler.exam", "pk": 2134, "fields": {"start_time": "2018-01-31T16:00:00", "end_time": "2018-01-31T18:00:00", "type": "FINAL", "course": 57}}, {"model": "scheduler.exam", "pk": 2135, "fields": {"start_time": "2018-01-30T11:00:00", "end_time": "2018-01-30T13:00:00", "type": "FINAL", "course": 13}}, {"model": "scheduler.exam", "pk": 2136, "fields": {"start_time": "2018-01-28T09:00:00", "end_time": "2018-01-28T11:00:00", "type": "FINAL", "course": 41}}, {"model": "scheduler.exam", "pk": 2137, "fields": {"start_time": "2018-02-03T15:00:00", "end_time": "2018-02-03T17:00:00", "type": "FINAL", "course": 14}}, {"model": "scheduler.exam", "pk": 2138, "fields": {"start_time": "2018-01-30T10:00:00", "end_time": "2018-01-30T12:00:00", "type": "FINAL", "course": 28}}, {"model": "scheduler.exam", "pk": 2139, "fields": {"start_time": "2018-02-04T13:00:00", "end_time": "2018-02-04T15:00:00", "type": "FINAL", "course": 46}}, {"model": "scheduler.exam", "pk": 2140, "fields": {"start_time": "2018-01-30T17:00:00", "end_time": "2018-01-30T19:00:00", "type": "FINAL", "course": 49}}, {"model": "scheduler.exam", "pk": 2141, "fields": {"start_time": "2018-02-06T09:00:00", "end_time": "2018-02-06T11:00:00", "type": "FINAL", "course": 22}}, {"model": "scheduler.exam", "pk": 2142, "fields": {"start_time": "2018-02-11T15:00:00", "end_time": "2018-02-11T17:00:00", "type": "FINAL", "course": 1}}, {"model": "scheduler.exam", "pk": 2143, "fields": {"start_time": "2018-02-09T17:00:00", "end_time": "2018-02-09T19:00:00", "type": "FINAL", "course": 39}}, {"model": "scheduler.exam", "pk": 2144, "fields": {"start_time": "2018-02-10T12:00:00", "end_time": "2018-02-10T14:00:00", "type": "FINAL", "course": 6}}, {"model": "scheduler.exam", "pk": 2145, "fields": {"start_time": "2018-02-11T17:00:00", "end_time": "2018-02-11T19:00:00", "type": "FINAL", "course": 29}}, {"model": "scheduler.exam", "pk": 2146, "fields": {"start_time": "2018-02-11T14:00:00", "end_time": "2018-02-11T16:00:00", "type": "FINAL", "course": 43}}, {"model": "scheduler.exam", "pk": 2147, "fields": {"start_time": "2018-02-03T11:00:00", "end_time": "2018-02-03T13:00:00", "type": "FINAL", "course": 53}}, {"model": "scheduler.exam", "pk": 2148, "fields": {"start_time": "2018-02-05T10:00:00", "end_time": "2018-02-05T12:00:00", "type": "FINAL", "course": 0}}, {"model": "scheduler.exam", "pk": 2149, "fields": {"start_time": "2018-02-07T14:00:00", "end_time": "2018-02-07T16:00:00", "type": "FINAL", "course": 12}}, {"model": "scheduler.exam", "pk": 2150, "fields": {"start_time": "2018-02-06T12:00:00", "end_time": "2018-02-06T14:00:00", "type": "FINAL", "course": 33}}, {"model": "scheduler.exam", "pk": 2151, "fields": {"start_time": "2018-02-09T12:00:00", "end_time": "2018-02-09T14:00:00", "type": "FINAL", "course": 47}}, {"model": "scheduler.exam", "pk": 2152, "fields": {"start_time": "2018-01-29T08:00:00", "end_time": "2018-01-29T10:00:00", "type": "FINAL", "course": 4}}, {"model": "scheduler.exam", "pk": 2153, "fields": {"start_time": "2018-02-04T12:00:00", "end_time": "2018-02-04T14:00:00", "type": "FINAL", "course": 55}}, {"model": "scheduler.exam", "pk": 2154, "fields": {"start_time": "2018-02-05T16:00:00", "end_time": "2018-02-05T18:00:00", "type": "FINAL", "course": 58}}, {"model": "scheduler.exam", "pk": 2155, "fields": {"start_time": "2018-02-04T17:00:00", "end_time": "2018-02-04T19:00:00", "type": "FINAL", "course": 8}}, {"model": "scheduler.exam", "pk": 2156, "fields": {"start_time": "2018-01-31T17:00:00", "end_time": "2018-01-31T19:00:00", "type": "FINAL", "course": 16}}, {"model": "scheduler.exam", "pk": 2157, "fields": {"start_time": "2018-02-05T08:00:00", "end_time": "2018-02-05T10:00:00", "type": "FINAL", "course": 27}}, {"model": "scheduler.exam", "pk": 2158, "fields": {"start_time": "2018-02-09T13:00:00", "end_time": "2018-02-09T15:00:00", "type": "FINAL", "course": 31}}, {"model": "scheduler.exam", "pk": 2159, "fields": {"start_time": "2018-02-05T15:00:00", "end_time": "2018-02-05T17:00:00", "type": "FINAL", "course": 32}}, {"model": "scheduler.exam", "pk": 2160, "fields": {"start_time": "2018-02-04T15:00:00", "end_time": "2018-02-04T17:00:00", "type": "FINAL", "course": 36}}, {"model": "scheduler.ta", "pk": 0, "fields": {"first_name": "John470", "last_name": "Doe860", "email": "ta_email82@test.com", "building": 3}}, {"model": "scheduler.ta", "pk": 1, "fields": {"first_name": "John144", "last_name": "Doe514", "email": "ta_email57@test.com", "building": 0}}, {"model": "scheduler.ta", "pk": 2, "fields": {"first_name": "John643", "last_name": "Doe511", "email": "ta_email68@test.com", "building": 3}}, {"model": "scheduler.ta", "pk": 3, "fields": {"first_name": "John300", "last_name": "Doe575", "email": "ta_email98@test.com", "building": 3}}, {"model": "scheduler.ta", "pk": 4, "fields": {"first_name": "John181", "last_name": "Doe564", "email": "ta_email46@test.com", "building": 5}}, {"model": "scheduler.ta", "pk": 5, "fields": {"first_name": "John131", "last_name": "Doe534", "email": "ta_email54@test.com", "building": 5}}, {"model": "scheduler.ta", "pk": 6, "fields": {"first_name": "John127", "last_name": "Doe611", "email": "ta_email45@test.com", "building": 9}}, {"model": "scheduler.ta", "pk": 7, "fields": {"first_name": "John210", "last_name": "Doe564", "email": "ta_email63@test.com", "building": 5}}, {"model": "scheduler.ta", "pk": 8, "fields": {"first_name": "John862", "last_name": "Doe751", "email": "ta_email75@test.com", "building": 4}}, {"model": "scheduler.ta", "pk": 9, "fields": {"first_name": "John926", "last_name": "Doe647", "email": "ta_email47@test.com", "building": 5}}, {"model": "scheduler.ta", "pk": 10, "fields": {"first_name": "John563", "last_name": "Doe522", "email": "ta_email13@test.com", "building": 5}}, {"model": "scheduler.ta", "pk": 11, "fields": {"first_name": "John603", "last_name": "Doe290", "email": "ta_email84@test.com", "building": 4}}, {"model": "scheduler.ta", "pk": 12, "fields": {"first_name": "John702", "last_name": "Doe649", "email": "ta_email38@test.com", "building": 6}}, {"model": "scheduler.ta", "pk": 13, "fields": {"first_name": "John937", "last_name": "Doe430", "email": "ta_email71@test.com", "building": 5}}, {"model": "scheduler.ta", "pk": 14, "fields": {"first_name": "John404", "last_name": "Doe595", "email": "ta_email92@test.com", "building": 8}}, {"model": "scheduler.ta", "pk": 15, "fields": {"first_name": "John962", "last_name": "Doe288", "email": "ta_email56@test.com", "building": 7}}, {"model": "scheduler.ta", "pk": 16, "fields": {"first_name": "John191", "last_name": "Doe655", "email": "ta_email25@test.com", "building": 5}}, {"model": "scheduler.ta", "pk": 17, "fields": {"first_name": "John331", "last_name": "Doe859", "email": "ta_email26@test.com", "building": 7}}, {"model": "scheduler.ta", "pk": 18, "fields": {"first_name": "John560", "last_name": "Doe471", "email": "ta_email22@test.com", "building": 0}}, {"model": "scheduler.ta", "pk": 19, "fields": {"first_name": "John411", "last_name": "Doe631", "email": "ta_email55@test.com", "building": 5}}, {"model": "scheduler.ta", "pk": 20, "fields": {"first_name": "John239", "last_name": "Doe950", "email": "ta_email86@test.com", "building": 5}}, {"model": "scheduler.ta", "pk": 21, "fields": {"first_name": "John142", "last_name": "Doe289", "email": "ta_email87@test.com", "building": 5}}, {"model": "scheduler.ta", "pk": 22, "fields": {"first_name": "John240", "last_name": "Doe807", "email": "ta_email36@test.com", "building": 2}}, {"model": "scheduler.ta", "pk": 23, "fields": {"first_name": "John221", "last_name": "Doe781", "email": "ta_email81@test.com", "building": 2}}, {"model": "scheduler.ta", "pk": 24, "fields": {"first_name": "John148", "last_name": "Doe278", "email": "ta_email83@test.com", "building": 5}}, {"model": "scheduler.ta", "pk": 25, "fields": {"first_name": "John807", "last_name": "Doe164", "email": "ta_email83@test.com", "building": 7}}, {"model": "scheduler.ta", "pk": 26, "fields": {"first_name": "John644", "last_name": "Doe596", "email": "ta_email17@test.com", "building": 1}}, {"model": "scheduler.ta", "pk": 27, "fields": {"first_name": "John111", "last_name": "Doe678", "email": "ta_email33@test.com", "building": 9}}, {"model": "scheduler.ta", "pk": 28, "fields": {"first_name": "John134", "last_name": "Doe875", "email": "ta_email75@test.com", "building": 7}}, {"model": "scheduler.ta", "pk": 29, "fields": {"first_name": "John582", "last_name": "Doe941", "email": "ta_email63@test.com", "building": 8}}, {"model": "scheduler.ta", "pk": 30, "fields": {"first_name": "John894", "last_name": "Doe792", "email": "ta_email87@test.com", "building": 1}}, {"model": "scheduler.ta", "pk": 31, "fields": {"first_name": "John208", "last_name": "Doe796", "email": "ta_email63@test.com", "building": 1}}, {"model": "scheduler.ta", "pk": 32, "fields": {"first_name": "John107", "last_name": "Doe924", "email": "ta_email90@test.com", "building": 9}}, {"model": "scheduler.ta", "pk": 33, "fields": {"first_name": "John487", "last_name": "Doe647", "email": "ta_email55@test.com", "building": 8}}, {"model": "scheduler.ta", "pk": 34, "fields": {"first_name": "John505", "last_name": "Doe334", "email": "ta_email41@test.com", "building": 9}}, {"model": "scheduler.ta", "pk": 35, "fields": {"first_name": "John614", "last_name": "Doe431", "email": "ta_email27@test.com", "building": 0}}, {"model": "scheduler.ta", "pk": 36, "fields": {"first_name": "John933", "last_name": "Doe328", "email": "ta_email90@test.com", "building": 2}}, {"model": "scheduler.ta", "pk": 37, "fields": {"first_name": "John979", "last_name": "Doe720", "email": "ta_email10@test.com", "building": 8}}, {"model": "scheduler.ta", "pk": 38, "fields": {"first_name": "John749", "last_name": "Doe401", "email": "ta_email89@test.com", "building": 5}}, {"model": "scheduler.ta", "pk": 39, "fields": {"first_name": "John587", "last_name": "Doe101", "email": "ta_email59@test.com", "building": 2}}, {"model": "scheduler.ta", "pk": 40, "fields": {"first_name": "John157", "last_name": "Doe491", "email": "ta_email63@test.com", "building": 5}}, {"model": "scheduler.ta", "pk": 41, "fields": {"first_name": "John721", "last_name": "Doe431", "email": "ta_email31@test.com", "building": 8}}, {"model": "scheduler.ta", "pk": 42, "fields": {"first_name": "John228", "last_name": "Doe436", "email": "ta_email11@test.com", "building": 0}}, {"model": "scheduler.ta", "pk": 43, "fields": {"first_name": "John497", "last_name": "Doe243", "email": "ta_email54@test.com", "building": 8}}, {"model": "scheduler.ta", "pk": 44, "fields": {"first_name": "John393", "last_name": "Doe583", "email": "ta_email50@test.com", "building": 5}}, {"model": "scheduler.ta", "pk": 45, "fields": {"first_name": "John486", "last_name": "Doe902", "email": "ta_email72@test.com", "building": 0}}, {"model": "scheduler.ta", "pk": 46, "fields": {"first_name": "John798", "last_name": "Doe389", "email": "ta_email79@test.com", "building": 0}}, {"model": "scheduler.ta", "pk": 47, "fields": {"first_name": "John134", "last_name": "Doe802", "email": "ta_email35@test.com", "building": 6}}, {"model": "scheduler.ta", "pk": 48, "fields": {"first_name": "John934", "last_name": "Doe467", "email": "ta_email51@test.com", "building": 8}}, {"model": "scheduler.ta", "pk": 49, "fields": {"first_name": "John362", "last_name": "Doe483", "email": "ta_email30@test.com", "building": 9}}, {"model": "scheduler.ta", "pk": 50, "fields": {"first_name": "John194", "last_name": "Doe702", "email": "ta_email73@test.com", "building": 5}}, {"model": "scheduler.ta", "pk": 51, "fields": {"first_name": "John462", "last_name": "Doe579", "email": "ta_email11@test.com", "building": 8}}, {"model": "scheduler.ta", "pk": 52, "fields": {"first_name": "John383", "last_name": "Doe113", "email": "ta_email43@test.com", "building": 9}}, {"model": "scheduler.ta", "pk": 53, "fields": {"first_name": "John372", "last_name": "Doe104", "email": "ta_email46@test.com", "building": 7}}, {"model": "scheduler.ta", "pk": 54, "fields": {"first_name": "John277", "last_name": "Doe768", "email": "ta_email76@test.com", "building": 4}}, {"model": "scheduler.ta", "pk": 55, "fields": {"first_name": "John569", "last_name": "Doe196", "email": "ta_email96@test.com", "building": 9}}, {"model": "scheduler.ta", "pk": 56, "fields": {"first_name": "John488", "last_name": "Doe886", "email": "ta_email41@test.com", "building": 0}}, {"model": "scheduler.ta", "pk": 57, "fields": {"first_name": "John735", "last_name": "Doe364", "email": "ta_email81@test.com", "building": 6}}, {"model": "scheduler.ta", "pk": 58, "fields": {"first_name": "John926", "last_name": "Doe690", "email": "ta_email27@test.com", "building": 0}}, {"model": "scheduler.ta", "pk": 59, "fields": {"first_name": "John807", "last_name": "Doe629", "email": "ta_email71@test.com", "building": 6}}, {"model": "scheduler.ta", "pk": 60, "fields": {"first_name": "John817", "last_name": "Doe999", "email": "ta_email85@test.com", "building": 9}}, {"model": "scheduler.ta", "pk": 61, "fields": {"first_name": "John264", "last_name": "Doe787", "email": "ta_email83@test.com", "building": 9}}, {"model": "scheduler.ta", "pk": 62, "fields": {"first_name": "John479", "last_name": "Doe613", "email": "ta_email49@test.com", "building": 9}}, {"model": "scheduler.ta", "pk": 63, "fields": {"first_name": "John419", "last_name": "Doe721", "email": "ta_email48@test.com", "building": 6}}, {"model": "scheduler.ta", "pk": 64, "fields": {"first_name": "John466", "last_name": "Doe460", "email": "ta_email59@test.com", "building": 1}}, {"model": "scheduler.taexam", "pk": 19326, "fields": {"exam": 2041, "ta": 15, "classroom": 14}}, {"model": "scheduler.taexam", "pk": 19327, "fields": {"exam": 2041, "ta": 17, "classroom": 49}}, {"model": "scheduler.taexam", "pk": 19328, "fields": {"exam": 2042, "ta": 26, "classroom": 12}}, {"model": "scheduler.taexam", "pk": 19329, "fields": {"exam": 2042, "ta": 30, "classroom": 20}}, {"model": "scheduler.taexam", "pk": 19330, "fields": {"exam": 2043, "ta": 4, "classroom": 9}}, {"model": "scheduler.taexam", "pk": 19331, "fields": {"exam": 2043, "ta": 5, "classroom": 55}}, {"model": "scheduler.taexam", "pk": 19332, "fields": {"exam": 2044, "ta": 31, "classroom": 12}}, {"model": "scheduler.taexam", "pk": 19333, "fields": {"exam": 2044, "ta": 64, "classroom": 20}}, {"model": "scheduler.taexam", "pk": 19334, "fields": {"exam": 2045, "ta": 7, "classroom": 9}}, {"model": "scheduler.taexam", "pk": 19335, "fields": {"exam": 2045, "ta": 9, "classroom": 55}}, {"model": "scheduler.taexam", "pk": 19336, "fields": {"exam": 2046, "ta": 0, "classroom": 12}}, {"model": "scheduler.taexam", "pk": 19337, "fields": {"exam": 2047, "ta": 22, "classroom": 23}}, {"model": "scheduler.taexam", "pk": 19338, "fields": {"exam": 2048, "ta": 6, "classroom": 46}}, {"model": "scheduler.taexam", "pk": 19339, "fields": {"exam": 2048, "ta": 27, "classroom": 59}}, {"model": "scheduler.taexam", "pk": 19340, "fields": {"exam": 2049, "ta": 1, "classroom": 5}}, {"model": "scheduler.taexam", "pk": 19341, "fields": {"exam": 2050, "ta": 25, "classroom": 14}}, {"model": "scheduler.taexam", "pk": 19342, "fields": {"exam": 2051, "ta": 32, "classroom": 46}}, {"model": "scheduler.taexam", "pk": 19343, "fields": {"exam": 2052, "ta": 14, "classroom": 54}}, {"model": "scheduler.taexam", "pk": 19344, "fields": {"exam": 2053, "ta": 18, "classroom": 5}}, {"model": "scheduler.taexam", "pk": 19345, "fields": {"exam": 2054, "ta": 8, "classroom": 47}}, {"model": "scheduler.taexam", "pk": 19346, "fields": {"exam": 2055, "ta": 34, "classroom": 46}}, {"model": "scheduler.taexam", "pk": 19347, "fields": {"exam": 2056, "ta": 2, "classroom": 12}}, {"model": "scheduler.taexam", "pk": 19348, "fields": {"exam": 2057, "ta": 49, "classroom": 46}}, {"model": "scheduler.taexam", "pk": 19349, "fields": {"exam": 2058, "ta": 52, "classroom": 46}}, {"model": "scheduler.taexam", "pk": 19350, "fields": {"exam": 2059, "ta": 23, "classroom": 23}}, {"model": "scheduler.taexam", "pk": 19351, "fields": {"exam": 2060, "ta": 3, "classroom": 12}}, {"model": "scheduler.taexam", "pk": 19352, "fields": {"exam": 2061, "ta": 29, "classroom": 54}}, {"model": "scheduler.taexam", "pk": 19353, "fields": {"exam": 2062, "ta": 55, "classroom": 46}}, {"model": "scheduler.taexam", "pk": 19354, "fields": {"exam": 2063, "ta": 12, "classroom": 22}}, {"model": "scheduler.taexam", "pk": 19355, "fields": {"exam": 2064, "ta": 33, "classroom": 54}}, {"model": "scheduler.taexam", "pk": 19356, "fields": {"exam": 2065, "ta": 60, "classroom": 46}}, {"model": "scheduler.taexam", "pk": 19357, "fields": {"exam": 2066, "ta": 11, "classroom": 47}}, {"model": "scheduler.taexam", "pk": 19358, "fields": {"exam": 2067, "ta": 54, "classroom": 47}}, {"model": "scheduler.taexam", "pk": 19359, "fields": {"exam": 2068, "ta": 35, "classroom": 5}}, {"model": "scheduler.taexam", "pk": 19360, "fields": {"exam": 2069, "ta": 37, "classroom": 54}}, {"model": "scheduler.taexam", "pk": 19361, "fields": {"exam": 2070, "ta": 42, "classroom": 5}}, {"model": "scheduler.taexam", "pk": 19362, "fields": {"exam": 2071, "ta": 61, "classroom": 59}}, {"model": "scheduler.taexam", "pk": 19363, "fields": {"exam": 2072, "ta": 36, "classroom": 23}}, {"model": "scheduler.taexam", "pk": 19364, "fields": {"exam": 2073, "ta": 39, "classroom": 23}}, {"model": "scheduler.taexam", "pk": 19365, "fields": {"exam": 2074, "ta": 41, "classroom": 54}}, {"model": "scheduler.taexam", "pk": 19366, "fields": {"exam": 2075, "ta": 45, "classroom": 5}}, {"model": "scheduler.taexam", "pk": 19367, "fields": {"exam": 2076, "ta": 62, "classroom": 46}}, {"model": "scheduler.taexam", "pk": 19368, "fields": {"exam": 2077, "ta": 10, "classroom": 9}}, {"model": "scheduler.taexam", "pk": 19369, "fields": {"exam": 2078, "ta": 13, "classroom": 12}}, {"model": "scheduler.taexam", "pk": 19370, "fields": {"exam": 2079, "ta": 28, "classroom": 14}}, {"model": "scheduler.taexam", "pk": 19371, "fields": {"exam": 2080, "ta": 16, "classroom": 9}}, {"model": "scheduler.taexam", "pk": 19372, "fields": {"exam": 2081, "ta": 53, "classroom": 14}}, {"model": "scheduler.taexam", "pk": 19373, "fields": {"exam": 2082, "ta": 19, "classroom": 14}}, {"model": "scheduler.taexam", "pk": 19374, "fields": {"exam": 2083, "ta": 20, "classroom": 12}}, {"model": "scheduler.taexam", "pk": 19375, "fields": {"exam": 2084, "ta": 21, "classroom": 9}}, {"model": "scheduler.taexam", "pk": 19376, "fields": {"exam": 2085, "ta": 24, "classroom": 47}}, {"model": "scheduler.taexam", "pk": 19377, "fields": {"exam": 2086, "ta": 47, "classroom": 22}}, {"model": "scheduler.taexam", "pk": 19378, "fields": {"exam": 2087, "ta": 43, "classroom": 54}}, {"model": "scheduler.taexam", "pk": 19379, "fields": {"exam": 2088, "ta": 38, "classroom": 23}}, {"model": "scheduler.taexam", "pk": 19380, "fields": {"exam": 2089, "ta": 40, "classroom": 23}}, {"model": "scheduler.taexam", "pk": 19381, "fields": {"exam": 2090, "ta": 44, "classroom": 12}}, {"model": "scheduler.taexam", "pk": 19382, "fields": {"exam": 2091, "ta": 50, "classroom": 9}}, {"model": "scheduler.taexam", "pk": 19383, "fields": {"exam": 2092, "ta": 46, "classroom": 47}}, {"model": "scheduler.taexam", "pk": 19384, "fields": {"exam": 2093, "ta": 48, "classroom": 43}}, {"model": "scheduler.taexam", "pk": 19385, "fields": {"exam": 2094, "ta": 51, "classroom": 47}}, {"model": "scheduler.taexam", "pk": 19386, "fields": {"exam": 2095, "ta": 56, "classroom": 9}}, {"model": "scheduler.taexam", "pk": 19387, "fields": {"exam": 2096, "ta": 57, "classroom": 12}}, {"model": "scheduler.taexam", "pk": 19388, "fields": {"exam": 2097, "ta": 58, "classroom": 5}}, {"model": "scheduler.taexam", "pk": 19389, "fields": {"exam": 2098, "ta": 59, "classroom": 22}}, {"model": "scheduler.taexam", "pk": 19390, "fields": {"exam": 2099, "ta": 63, "classroom": 5}}, {"model": "scheduler.taexam", "pk": 19391, "fields": {"exam": 2100, "ta": 14, "classroom": 54}}, {"model": "scheduler.taexam", "pk": 19392, "fields": {"exam": 2101, "ta": 15, "classroom": 14}}, {"model": "scheduler.taexam", "pk": 19393, "fields": {"exam": 2101, "ta": 17, "classroom": 49}}, {"model": "scheduler.taexam", "pk": 19394, "fields": {"exam": 2102, "ta": 26, "classroom": 12}}, {"model": "scheduler.taexam", "pk": 19395, "fields": {"exam": 2102, "ta": 30, "classroom": 20}}, {"model": "scheduler.taexam", "pk": 19396, "fields": {"exam": 2103, "ta": 4, "classroom": 9}}, {"model": "scheduler.taexam", "pk": 19397, "fields": {"exam": 2103, "ta": 5, "classroom": 55}}, {"model": "scheduler.taexam", "pk": 19398, "fields": {"exam": 2104, "ta": 31, "classroom": 12}}, {"model": "scheduler.taexam", "pk": 19399, "fields": {"exam": 2104, "ta": 64, "classroom": 20}}, {"model": "scheduler.taexam", "pk": 19400, "fields": {"exam": 2105, "ta": 7, "classroom": 9}}, {"model": "scheduler.taexam", "pk": 19401, "fields": {"exam": 2105, "ta": 9, "classroom": 55}}, {"model": "scheduler.taexam", "pk": 19402, "fields": {"exam": 2106, "ta": 0, "classroom": 12}}, {"model": "scheduler.taexam", "pk": 19403, "fields": {"exam": 2107, "ta": 22, "classroom": 23}}, {"model": "scheduler.taexam", "pk": 19404, "fields": {"exam": 2108, "ta": 6, "classroom": 46}}, {"model": "scheduler.taexam", "pk": 19405, "fields": {"exam": 2108, "ta": 27, "classroom": 59}}, {"model": "scheduler.taexam", "pk": 19406, "fields": {"exam": 2109, "ta": 1, "classroom": 5}}, {"model": "scheduler.taexam", "pk": 19407, "fields": {"exam": 2110, "ta": 25, "classroom": 14}}, {"model": "scheduler.taexam", "pk": 19408, "fields": {"exam": 2111, "ta": 32, "classroom": 46}}, {"model": "scheduler.taexam", "pk": 19409, "fields": {"exam": 2112, "ta": 14, "classroom": 54}}, {"model": "scheduler.taexam", "pk": 19410, "fields": {"exam": 2113, "ta": 18, "classroom": 5}}, {"model": "scheduler.taexam", "pk": 19411, "fields": {"exam": 2114, "ta": 8, "classroom": 47}}, {"model": "scheduler.taexam", "pk": 19412, "fields": {"exam": 2115, "ta": 34, "classroom": 46}}, {"model": "scheduler.taexam", "pk": 19413, "fields": {"exam": 2116, "ta": 2, "classroom": 12}}, {"model": "scheduler.taexam", "pk": 19414, "fields": {"exam": 2117, "ta": 49, "classroom": 46}}, {"model": "scheduler.taexam", "pk": 19415, "fields": {"exam": 2118, "ta": 52, "classroom": 46}}, {"model": "scheduler.taexam", "pk": 19416, "fields": {"exam": 2119, "ta": 23, "classroom": 23}}, {"model": "scheduler.taexam", "pk": 19417, "fields": {"exam": 2120, "ta": 3, "classroom": 12}}, {"model": "scheduler.taexam", "pk": 19418, "fields": {"exam": 2121, "ta": 29, "classroom": 54}}, {"model": "scheduler.taexam", "pk": 19419, "fields": {"exam": 2122, "ta": 55, "classroom": 46}}, {"model": "scheduler.taexam", "pk": 19420, "fields": {"exam": 2123, "ta": 12, "classroom": 22}}, {"model": "scheduler.taexam", "pk": 19421, "fields": {"exam": 2124, "ta": 33, "classroom": 54}}, {"model": "scheduler.taexam", "pk": 19422, "fields": {"exam": 2125, "ta": 60, "classroom": 46}}, {"model": "scheduler.taexam", "pk": 19423, "fields": {"exam": 2126, "ta": 11, "classroom": 47}}, {"model": "scheduler.taexam", "pk": 19424, "fields": {"exam": 2127, "ta": 54, "classroom": 47}}, {"model": "scheduler.taexam", "pk": 19425, "fields": {"exam": 2128, "ta": 35, "classroom": 5}}, {"model": "scheduler.taexam", "pk": 19426, "fields": {"exam": 2129, "ta": 37, "classroom": 54}}, {"model": "scheduler.taexam", "pk": 19427, "fields": {"exam": 2130, "ta": 42, "classroom": 5}}, {"model": "scheduler.taexam", "pk": 19428, "fields": {"exam": 2131, "ta": 61, "classroom": 46}}, {"model": "scheduler.taexam", "pk": 19429, "fields": {"exam": 2132, "ta": 36, "classroom": 23}}, {"model": "scheduler.taexam", "pk": 19430, "fields": {"exam": 2133, "ta": 39, "classroom": 23}}, {"model": "scheduler.taexam", "pk": 19431, "fields": {"exam": 2134, "ta": 41, "classroom": 54}}, {"model": "scheduler.taexam", "pk": 19432, "fields": {"exam": 2135, "ta": 45, "classroom": 5}}, {"model": "scheduler.taexam", "pk": 19433, "fields": {"exam": 2136, "ta": 62, "classroom": 59}}, {"model": "scheduler.taexam", "pk": 19434, "fields": {"exam": 2137, "ta": 10, "classroom": 9}}, {"model": "scheduler.taexam", "pk": 19435, "fields": {"exam": 2138, "ta": 13, "classroom": 12}}, {"model": "scheduler.taexam", "pk": 19436, "fields": {"exam": 2139, "ta": 28, "classroom": 14}}, {"model": "scheduler.taexam", "pk": 19437, "fields": {"exam": 2140, "ta": 16, "classroom": 9}}, {"model": "scheduler.taexam", "pk": 19438, "fields": {"exam": 2141, "ta": 53, "classroom": 14}}, {"model": "scheduler.taexam", "pk": 19439, "fields": {"exam": 2142, "ta": 19, "classroom": 14}}, {"model": "scheduler.taexam", "pk": 19440, "fields": {"exam": 2143, "ta": 20, "classroom": 12}}, {"model": "scheduler.taexam", "pk": 19441, "fields": {"exam": 2144, "ta": 21, "classroom": 9}}, {"model": "scheduler.taexam", "pk": 19442, "fields": {"exam": 2145, "ta": 24, "classroom": 47}}, {"model": "scheduler.taexam", "pk": 19443, "fields": {"exam": 2146, "ta": 47, "classroom": 22}}, {"model": "scheduler.taexam", "pk": 19444, "fields": {"exam": 2147, "ta": 43, "classroom": 54}}, {"model": "scheduler.taexam", "pk": 19445, "fields": {"exam": 2148, "ta": 38, "classroom": 23}}, {"model": "scheduler.taexam", "pk": 19446, "fields": {"exam": 2149, "ta": 40, "classroom": 23}}, {"model": "scheduler.taexam", "pk": 19447, "fields": {"exam": 2150, "ta": 44, "classroom": 12}}, {"model": "scheduler.taexam", "pk": 19448, "fields": {"exam": 2151, "ta": 50, "classroom": 9}}, {"model": "scheduler.taexam", "pk": 19449, "fields": {"exam": 2152, "ta": 46, "classroom": 47}}, {"model": "scheduler.taexam", "pk": 19450, "fields": {"exam": 2153, "ta": 48, "classroom": 43}}, {"model": "scheduler.taexam", "pk": 19451, "fields": {"exam": 2154, "ta": 51, "classroom": 47}}, {"model": "scheduler.taexam", "pk": 19452, "fields": {"exam": 2155, "ta": 56, "classroom": 9}}, {"model": "scheduler.taexam", "pk": 19453, "fields": {"exam": 2156, "ta": 57, "classroom": 12}}, {"model": "scheduler.taexam", "pk": 19454, "fields": {"exam": 2157, "ta": 58, "classroom": 5}}, {"model": "scheduler.taexam", "pk": 19455, "fields": {"exam": 2158, "ta": 59, "classroom": 22}}, {"model": "scheduler.taexam", "pk": 19456, "fields": {"exam": 2159, "ta": 63, "classroom": 13}}, {"model": "scheduler.taexam", "pk": 19457, "fields": {"exam": 2160, "ta": 14, "classroom": 54}}, {"model": "contenttypes.contenttype", "pk": 16, "fields": {"app_label": "scheduler", "model": "building"}}, {"model": "contenttypes.contenttype", "pk": 17, "fields": {"app_label": "scheduler", "model": "classroom"}}, {"model": "contenttypes.contenttype", "pk": 18, "fields": {"app_label": "scheduler", "model": "classroomschedule"}}, {"model": "contenttypes.contenttype", "pk": 19, "fields": {"app_label": "scheduler", "model": "course"}}, {"model": "contenttypes.contenttype", "pk": 20, "fields": {"app_label": "scheduler", "model": "exam"}}, {"model": "contenttypes.contenttype", "pk": 21, "fields": {"app_label": "scheduler", "model": "ta"}}, {"model": "contenttypes.contenttype", "pk": 22, "fields": {"app_label": "scheduler", "model": "taschedule"}}, {"model": "contenttypes.contenttype", "pk": 23, "fields": {"app_label": "scheduler", "model": "taexam"}}, {"model": "contenttypes.contenttype", "pk": 24, "fields": {"app_label": "scheduler", "model": "tacourse"}}, {"model": "contenttypes.contenttype", "pk": 25, "fields": {"app_label": "admin", "model": "logentry"}}, {"model": "contenttypes.contenttype", "pk": 26, "fields": {"app_label": "auth", "model": "permission"}}, {"model": "contenttypes.contenttype", "pk": 27, "fields": {"app_label": "auth", "model": "group"}}, {"model": "contenttypes.contenttype", "pk": 28, "fields": {"app_label": "auth", "model": "user"}}, {"model": "contenttypes.contenttype", "pk": 29, "fields": {"app_label": "contenttypes", "model": "contenttype"}}, {"model": "contenttypes.contenttype", "pk": 30, "fields": {"app_label": "sessions", "model": "session"}}, {"model": "auth.permission", "pk": 46, "fields": {"name": "Can add Building", "content_type": 16, "codename": "add_building"}}, {"model": "auth.permission", "pk": 47, "fields": {"name": "Can change Building", "content_type": 16, "codename": "change_building"}}, {"model": "auth.permission", "pk": 48, "fields": {"name": "Can delete Building", "content_type": 16, "codename": "delete_building"}}, {"model": "auth.permission", "pk": 49, "fields": {"name": "Can add Classroom", "content_type": 17, "codename": "add_classroom"}}, {"model": "auth.permission", "pk": 50, "fields": {"name": "Can change Classroom", "content_type": 17, "codename": "change_classroom"}}, {"model": "auth.permission", "pk": 51, "fields": {"name": "Can delete Classroom", "content_type": 17, "codename": "delete_classroom"}}, {"model": "auth.permission", "pk": 52, "fields": {"name": "Can add Classroom Schedule", "content_type": 18, "codename": "add_classroomschedule"}}, {"model": "auth.permission", "pk": 53, "fields": {"name": "Can change Classroom Schedule", "content_type": 18, "codename": "change_classroomschedule"}}, {"model": "auth.permission", "pk": 54, "fields": {"name": "Can delete Classroom Schedule", "content_type": 18, "codename": "delete_classroomschedule"}}, {"model": "auth.permission", "pk": 55, "fields": {"name": "Can add Course", "content_type": 19, "codename": "add_course"}}, {"model": "auth.permission", "pk": 56, "fields": {"name": "Can change Course", "content_type": 19, "codename": "change_course"}}, {"model": "auth.permission", "pk": 57, "fields": {"name": "Can delete Course", "content_type": 19, "codename": "delete_course"}}, {"model": "auth.permission", "pk": 58, "fields": {"name": "Can add Exam", "content_type": 20, "codename": "add_exam"}}, {"model": "auth.permission", "pk": 59, "fields": {"name": "Can change Exam", "content_type": 20, "codename": "change_exam"}}, {"model": "auth.permission", "pk": 60, "fields": {"name": "Can delete Exam", "content_type": 20, "codename": "delete_exam"}}, {"model": "auth.permission", "pk": 61, "fields": {"name": "Can add Teaching Assistant", "content_type": 21, "codename": "add_ta"}}, {"model": "auth.permission", "pk": 62, "fields": {"name": "Can change Teaching Assistant", "content_type": 21, "codename": "change_ta"}}, {"model": "auth.permission", "pk": 63, "fields": {"name": "Can delete Teaching Assistant", "content_type": 21, "codename": "delete_ta"}}, {"model": "auth.permission", "pk": 64, "fields": {"name": "Can add TA Schedule", "content_type": 22, "codename": "add_taschedule"}}, {"model": "auth.permission", "pk": 65, "fields": {"name": "Can change TA Schedule", "content_type": 22, "codename": "change_taschedule"}}, {"model": "auth.permission", "pk": 66, "fields": {"name": "Can delete TA Schedule", "content_type": 22, "codename": "delete_taschedule"}}, {"model": "auth.permission", "pk": 67, "fields": {"name": "Can add Exam - TA Schedule", "content_type": 23, "codename": "add_taexam"}}, {"model": "auth.permission", "pk": 68, "fields": {"name": "Can change Exam - TA Schedule", "content_type": 23, "codename": "change_taexam"}}, {"model": "auth.permission", "pk": 69, "fields": {"name": "Can delete Exam - TA Schedule", "content_type": 23, "codename": "delete_taexam"}}, {"model": "auth.permission", "pk": 70, "fields": {"name": "Can add Master TA", "content_type": 24, "codename": "add_tacourse"}}, {"model": "auth.permission", "pk": 71, "fields": {"name": "Can change Master TA", "content_type": 24, "codename": "change_tacourse"}}, {"model": "auth.permission", "pk": 72, "fields": {"name": "Can delete Master TA", "content_type": 24, "codename": "delete_tacourse"}}, {"model": "auth.permission", "pk": 73, "fields": {"name": "Can add log entry", "content_type": 25, "codename": "add_logentry"}}, {"model": "auth.permission", "pk": 74, "fields": {"name": "Can change log entry", "content_type": 25, "codename": "change_logentry"}}, {"model": "auth.permission", "pk": 75, "fields": {"name": "Can delete log entry", "content_type": 25, "codename": "delete_logentry"}}, {"model": "auth.permission", "pk": 76, "fields": {"name": "Can add permission", "content_type": 26, "codename": "add_permission"}}, {"model": "auth.permission", "pk": 77, "fields": {"name": "Can change permission", "content_type": 26, "codename": "change_permission"}}, {"model": "auth.permission", "pk": 78, "fields": {"name": "Can delete permission", "content_type": 26, "codename": "delete_permission"}}, {"model": "auth.permission", "pk": 79, "fields": {"name": "Can add group", "content_type": 27, "codename": "add_group"}}, {"model": "auth.permission", "pk": 80, "fields": {"name": "Can change group", "content_type": 27, "codename": "change_group"}}, {"model": "auth.permission", "pk": 81, "fields": {"name": "Can delete group", "content_type": 27, "codename": "delete_group"}}, {"model": "auth.permission", "pk": 82, "fields": {"name": "Can add user", "content_type": 28, "codename": "add_user"}}, {"model": "auth.permission", "pk": 83, "fields": {"name": "Can change user", "content_type": 28, "codename": "change_user"}}, {"model": "auth.permission", "pk": 84, "fields": {"name": "Can delete user", "content_type": 28, "codename": "delete_user"}}, {"model": "auth.permission", "pk": 85, "fields": {"name": "Can add content type", "content_type": 29, "codename": "add_contenttype"}}, {"model": "auth.permission", "pk": 86, "fields": {"name": "Can change content type", "content_type": 29, "codename": "change_contenttype"}}, {"model": "auth.permission", "pk": 87, "fields": {"name": "Can delete content type", "content_type": 29, "codename": "delete_contenttype"}}, {"model": "auth.permission", "pk": 88, "fields": {"name": "Can add session", "content_type": 30, "codename": "add_session"}}, {"model": "auth.permission", "pk": 89, "fields": {"name": "Can change session", "content_type": 30, "codename": "change_session"}}, {"model": "auth.permission", "pk": 90, "fields": {"name": "Can delete session", "content_type": 30, "codename": "delete_session"}}]