[{"model": "scheduler.building", "pk": 0, "fields": {"name": "Building0", "coord_x": -18.468830085509964, "coord_y": 94.76133691092295}}, {"model": "scheduler.building", "pk": 1, "fields": {"name": "Building1", "coord_x": -51.768617043438404, "coord_y": -2.103866117419102}}, {"model": "scheduler.building", "pk": 2, "fields": {"name": "Building2", "coord_x": -28.720859984230245, "coord_y": 17.107831303274963}}, {"model": "scheduler.building", "pk": 3, "fields": {"name": "Building3", "coord_x": -36.51868613786129, "coord_y": 16.579284307293165}}, {"model": "scheduler.building", "pk": 4, "fields": {"name": "Building4", "coord_x": 72.92604528545931, "coord_y": 64.66641820762342}}, {"model": "scheduler.building", "pk": 5, "fields": {"name": "Building5", "coord_x": 86.75056278968617, "coord_y": -28.106967092418245}}, {"model": "scheduler.building", "pk": 6, "fields": {"name": "Building6", "coord_x": 86.55621749935224, "coord_y": 5.562385640872037}}, {"model": "scheduler.building", "pk": 7, "fields": {"name": "Building7", "coord_x": -8.842323332808718, "coord_y": -98.68614644124301}}, {"model": "scheduler.building", "pk": 8, "fields": {"name": "Building8", "coord_x": -90.58176496970157, "coord_y": -42.57370573198565}}, {"model": "scheduler.building", "pk": 9, "fields": {"name": "Building9", "coord_x": -25.247567470565883, "coord_y": -73.20735480291782}}, {"model": "scheduler.classroom", "pk": 0, "fields": {"name": "Classroom0", "capacity": 68, "max_ta": 3, "building": 1}}, {"model": "scheduler.classroom", "pk": 1, "fields": {"name": "Classroom1", "capacity": 95, "max_ta": 3, "building": 6}}, {"model": "scheduler.classroom", "pk": 2, "fields": {"name": "Classroom2", "capacity": 76, "max_ta": 3, "building": 1}}, {"model": "scheduler.classroom", "pk": 3, "fields": {"name": "Classroom3", "capacity": 70, "max_ta": 3, "building": 8}}, {"model": "scheduler.classroom", "pk": 4, "fields": {"name": "Classroom4", "capacity": 53, "max_ta": 3, "building": 5}}, {"model": "scheduler.classroom", "pk": 5, "fields": {"name": "Classroom5", "capacity": 96, "max_ta": 2, "building": 0}}, {"model": "scheduler.classroom", "pk": 6, "fields": {"name": "Classroom6", "capacity": 52, "max_ta": 1, "building": 4}}, {"model": "scheduler.classroom", "pk": 7, "fields": {"name": "Classroom7", "capacity": 70, "max_ta": 2, "building": 9}}, {"model": "scheduler.classroom", "pk": 8, "fields": {"name": "Classroom8", "capacity": 76, "max_ta": 3, "building": 6}}, {"model": "scheduler.classroom", "pk": 9, "fields": {"name": "Classroom9", "capacity": 82, "max_ta": 3, "building": 5}}, {"model": "scheduler.classroom", "pk": 10, "fields": {"name": "Classroom10", "capacity": 71, "max_ta": 2, "building": 4}}, {"model": "scheduler.classroom", "pk": 11, "fields": {"name": "Classroom11", "capacity": 96, "max_ta": 1, "building": 2}}, {"model": "scheduler.classroom", "pk": 12, "fields": {"name": "Classroom12", "capacity": 93, "max_ta": 3, "building": 1}}, {"model": "scheduler.classroom", "pk": 13, "fields": {"name": "Classroom13", "capacity": 84, "max_ta": 3, "building": 0}}, {"model": "scheduler.classroom", "pk": 14, "fields": {"name": "Classroom14", "capacity": 87, "max_ta": 1, "building": 7}}, {"model": "scheduler.classroom", "pk": 15, "fields": {"name": "Classroom15", "capacity": 79, "max_ta": 3, "building": 7}}, {"model": "scheduler.classroom", "pk": 16, "fields": {"name": "Classroom16", "capacity": 59, "max_ta": 1, "building": 6}}, {"model": "scheduler.classroom", "pk": 17, "fields": {"name": "Classroom17", "capacity": 62, "max_ta": 2, "building": 1}}, {"model": "scheduler.classroom", "pk": 18, "fields": {"name": "Classroom18", "capacity": 75, "max_ta": 3, "building": 2}}, {"model": "scheduler.classroom", "pk": 19, "fields": {"name": "Classroom19", "capacity": 90, "max_ta": 3, "building": 2}}, {"model": "scheduler.classroom", "pk": 20, "fields": {"name": "Classroom20", "capacity": 88, "max_ta": 2, "building": 1}}, {"model": "scheduler.classroom", "pk": 21, "fields": {"name": "Classroom21", "capacity": 70, "max_ta": 2, "building": 1}}, {"model": "scheduler.classroom", "pk": 22, "fields": {"name": "Classroom22", "capacity": 100, "max_ta": 1, "building": 6}}, {"model": "scheduler.classroom", "pk": 23, "fields": {"name": "Classroom23", "capacity": 99, "max_ta": 1, "building": 2}}, {"model": "scheduler.classroom", "pk": 24, "fields": {"name": "Classroom24", "capacity": 72, "max_ta": 1, "building": 2}}, {"model": "scheduler.classroom", "pk": 25, "fields": {"name": "Classroom25", "capacity": 50, "max_ta": 3, "building": 5}}, {"model": "scheduler.classroom", "pk": 26, "fields": {"name": "Classroom26", "capacity": 55, "max_ta": 1, "building": 6}}, {"model": "scheduler.classroom", "pk": 27, "fields": {"name": "Classroom27", "capacity": 87, "max_ta": 2, "building": 4}}, {"model": "scheduler.classroom", "pk": 28, "fields": {"name": "Classroom28", "capacity": 71, "max_ta": 2, "building": 9}}, {"model": "scheduler.classroom", "pk": 29, "fields": {"name": "Classroom29", "capacity": 78, "max_ta": 2, "building": 2}}, {"model": "scheduler.classroom", "pk": 30, "fields": {"name": "Classroom30", "capacity": 65, "max_ta": 2, "building": 6}}, {"model": "scheduler.classroom", "pk": 31, "fields": {"name": "Classroom31", "capacity": 81, "max_ta": 3, "building": 4}}, {"model": "scheduler.classroom", "pk": 32, "fields": {"name": "Classroom32", "capacity": 91, "max_ta": 1, "building": 2}}, {"model": "scheduler.classroom", "pk": 33, "fields": {"name": "Classroom33", "capacity": 66, "max_ta": 3, "building": 9}}, {"model": "scheduler.classroom", "pk": 34, "fields": {"name": "Classroom34", "capacity": 51, "max_ta": 2, "building": 2}}, {"model": "scheduler.classroom", "pk": 35, "fields": {"name": "Classroom35", "capacity": 53, "max_ta": 1, "building": 9}}, {"model": "scheduler.classroom", "pk": 36, "fields": {"name": "Classroom36", "capacity": 58, "max_ta": 3, "building": 4}}, {"model": "scheduler.classroom", "pk": 37, "fields": {"name": "Classroom37", "capacity": 55, "max_ta": 2, "building": 0}}, {"model": "scheduler.classroom", "pk": 38, "fields": {"name": "Classroom38", "capacity": 54, "max_ta": 2, "building": 6}}, {"model": "scheduler.classroom", "pk": 39, "fields": {"name": "Classroom39", "capacity": 72, "max_ta": 1, "building": 7}}, {"model": "scheduler.classroom", "pk": 40, "fields": {"name": "Classroom40", "capacity": 94, "max_ta": 1, "building": 2}}, {"model": "scheduler.classroom", "pk": 41, "fields": {"name": "Classroom41", "capacity": 52, "max_ta": 3, "building": 2}}, {"model": "scheduler.classroom", "pk": 42, "fields": {"name": "Classroom42", "capacity": 75, "max_ta": 3, "building": 6}}, {"model": "scheduler.classroom", "pk": 43, "fields": {"name": "Classroom43", "capacity": 54, "max_ta": 2, "building": 3}}, {"model": "scheduler.classroom", "pk": 44, "fields": {"name": "Classroom44", "capacity": 74, "max_ta": 3, "building": 4}}, {"model": "scheduler.classroom", "pk": 45, "fields": {"name": "Classroom45", "capacity": 58, "max_ta": 1, "building": 4}}, {"model": "scheduler.classroom", "pk": 46, "fields": {"name": "Classroom46", "capacity": 87, "max_ta": 1, "building": 9}}, {"model": "scheduler.classroom", "pk": 47, "fields": {"name": "Classroom47", "capacity": 98, "max_ta": 2, "building": 4}}, {"model": "scheduler.classroom", "pk": 48, "fields": {"name": "Classroom48", "capacity": 77, "max_ta": 2, "building": 1}}, {"model": "scheduler.classroom", "pk": 49, "fields": {"name": "Classroom49", "capacity": 87, "max_ta": 2, "building": 7}}, {"model": "scheduler.classroom", "pk": 50, "fields": {"name": "Classroom50", "capacity": 61, "max_ta": 2, "building": 1}}, {"model": "scheduler.classroom", "pk": 51, "fields": {"name": "Classroom51", "capacity": 68, "max_ta": 2, "building": 8}}, {"model": "scheduler.classroom", "pk": 52, "fields": {"name": "Classroom52", "capacity": 81, "max_ta": 2, "building": 4}}, {"model": "scheduler.classroom", "pk": 53, "fields": {"name": "Classroom53", "capacity": 52, "max_ta": 1, "building": 5}}, {"model": "scheduler.classroom", "pk": 54, "fields": {"name": "Classroom54", "capacity": 90, "max_ta": 1, "building": 8}}, {"model": "scheduler.classroom", "pk": 55, "fields": {"name": "Classroom55", "capacity": 68, "max_ta": 2, "building": 5}}, {"model": "scheduler.classroom", "pk": 56, "fields": {"name": "Classroom56", "capacity": 58, "max_ta": 3, "building": 8}}, {"model": "scheduler.classroom", "pk": 57, "fields": {"name": "Classroom57", "capacity": 82, "max_ta": 1, "building": 8}}, {"model": "scheduler.classroom", "pk": 58, "fields": {"name": "Classroom58", "capacity": 95, "max_ta": 2, "building": 6}}, {"model": "scheduler.classroom", "pk": 59, "fields": {"name": "Classroom59", "capacity": 77, "max_ta": 2, "building": 9}}, {"model": "scheduler.course", "pk": 0, "fields": {"code": "Course 300", "capacity": 49, "building": 2}}, {"model": "scheduler.course", "pk": 1, "fields": {"code": "Course 601", "capacity": 55, "building": 7}}, {"model": "scheduler.course", "pk": 2, "fields": {"code": "Course 302", "capacity": 91, "building": 5}}, {"model": "scheduler.course", "pk": 3, "fields": {"code": "Course 503", "capacity": 83, "building": 2}}, {"model": "scheduler.course", "pk": 4, "fields": {"code": "Course 504", "capacity": 46, "building": 4}}, {"model": "scheduler.course", "pk": 5, "fields": {"code": "Course 605", "capacity": 86, "building": 9}}, {"model": "scheduler.course", "pk": 6, "fields": {"code": "Course 206", "capacity": 52, "building": 5}}, {"model": "scheduler.course", "pk": 7, "fields": {"code": "Course 107", "capacity": 85, "building": 4}}, {"model": "scheduler.course", "pk": 8, "fields": {"code": "Course 408", "capacity": 41, "building": 5}}, {"model": "scheduler.course", "pk": 9, "fields": {"code": "Course 309", "capacity": 95, "building": 1}}, {"model": "scheduler.course", "pk": 10, "fields": {"code": "Course 3010", "capacity": 79, "building": 8}}, {"model": "scheduler.course", "pk": 11, "fields": {"code": "Course 6011", "capacity": 87, "building": 0}}, {"model": "scheduler.course", "pk": 12, "fields": {"code": "Course 1012", "capacity": 49, "building": 2}}, {"model": "scheduler.course", "pk": 13, "fields": {"code": "Course 3013", "capacity": 66, "building": 0}}, {"model": "scheduler.course", "pk": 14, "fields": {"code": "Course 2014", "capacity": 63, "building": 5}}, {"model": "scheduler.course", "pk": 15, "fields": {"code": "Course 5015", "capacity": 82, "building": 1}}, {"model": "scheduler.course", "pk": 16, "fields": {"code": "Course 3016", "capacity": 41, "building": 1}}, {"model": "scheduler.course", "pk": 17, "fields": {"code": "Course 5017", "capacity": 75, "building": 4}}, {"model": "scheduler.course", "pk": 18, "fields": {"code": "Course 1018", "capacity": 90, "building": 1}}, {"model": "scheduler.course", "pk": 19, "fields": {"code": "Course 2019", "capacity": 72, "building": 9}}, {"model": "scheduler.course", "pk": 20, "fields": {"code": "Course 4020", "capacity": 96, "building": 5}}, {"model": "scheduler.course", "pk": 21, "fields": {"code": "Course 6021", "capacity": 74, "building": 0}}, {"model": "scheduler.course", "pk": 22, "fields": {"code": "Course 6022", "capacity": 58, "building": 7}}, {"model": "scheduler.course", "pk": 23, "fields": {"code": "Course 1023", "capacity": 82, "building": 8}}, {"model": "scheduler.course", "pk": 24, "fields": {"code": "Course 3024", "capacity": 73, "building": 0}}, {"model": "scheduler.course", "pk": 25, "fields": {"code": "Course 3025", "capacity": 74, "building": 8}}, {"model": "scheduler.course", "pk": 26, "fields": {"code": "Course 5026", "capacity": 81, "building": 9}}, {"model": "scheduler.course", "pk": 27, "fields": {"code": "Course 4027", "capacity": 41, "building": 0}}, {"model": "scheduler.course", "pk": 28, "fields": {"code": "Course 4028", "capacity": 61, "building": 1}}, {"model": "scheduler.course", "pk": 29, "fields": {"code": "Course 6029", "capacity": 52, "building": 4}}, {"model": "scheduler.course", "pk": 30, "fields": {"code": "Course 5030", "capacity": 86, "building": 8}}, {"model": "scheduler.course", "pk": 31, "fields": {"code": "Course 1031", "capacity": 39, "building": 6}}, {"model": "scheduler.course", "pk": 32, "fields": {"code": "Course 1032", "capacity": 39, "building": 0}}, {"model": "scheduler.course", "pk": 33, "fields": {"code": "Course 3033", "capacity": 49, "building": 1}}, {"model": "scheduler.course", "pk": 34, "fields": {"code": "Course 4034", "capacity": 85, "building": 9}}, {"model": "scheduler.course", "pk": 35, "fields": {"code": "Course 2035", "capacity": 81, "building": 6}}, {"model": "scheduler.course", "pk": 36, "fields": {"code": "Course 2036", "capacity": 35, "building": 8}}, {"model": "scheduler.course", "pk": 37, "fields": {"code": "Course 4037", "capacity": 85, "building": 1}}, {"model": "scheduler.course", "pk": 38, "fields": {"code": "Course 5038", "capacity": 79, "building": 9}}, {"model": "scheduler.course", "pk": 39, "fields": {"code": "Course 3039", "capacity": 55, "building": 1}}, {"model": "scheduler.course", "pk": 40, "fields": {"code": "Course 4040", "capacity": 68, "building": 2}}, {"model": "scheduler.course", "pk": 41, "fields": {"code": "Course 1041", "capacity": 66, "building": 9}}, {"model": "scheduler.course", "pk": 42, "fields": {"code": "Course 1042", "capacity": 88, "building": 9}}, {"model": "scheduler.course", "pk": 43, "fields": {"code": "Course 4043", "capacity": 52, "building": 6}}, {"model": "scheduler.course", "pk": 44, "fields": {"code": "Course 4044", "capacity": 84, "building": 9}}, {"model": "scheduler.course", "pk": 45, "fields": {"code": "Course 2045", "capacity": 90, "building": 2}}, {"model": "scheduler.course", "pk": 46, "fields": {"code": "Course 1046", "capacity": 59, "building": 7}}, {"model": "scheduler.course", "pk": 47, "fields": {"code": "Course 3047", "capacity": 47, "building": 5}}, {"model": "scheduler.course", "pk": 48, "fields": {"code": "Course 5048", "capacity": 69, "building": 2}}, {"model": "scheduler.course", "pk": 49, "fields": {"code": "Course 2049", "capacity": 59, "building": 5}}, {"model": "scheduler.course", "pk": 50, "fields": {"code": "Course 1050", "capacity": 98, "building": 1}}, {"model": "scheduler.course", "pk": 51, "fields": {"code": "Course 4051", "capacity": 87, "building": 7}}, {"model": "scheduler.course", "pk": 52, "fields": {"code": "Course 6052", "capacity": 84, "building": 9}}, {"model": "scheduler.course", "pk": 53, "fields": {"code": "Course 5053", "capacity": 52, "building": 8}}, {"model": "scheduler.course", "pk": 54, "fields": {"code": "Course 1054", "capacity": 75, "building": 4}}, {"model": "scheduler.course", "pk": 55, "fields": {"code": "Course 1055", "capacity": 45, "building": 3}}, {"model": "scheduler.course", "pk": 56, "fields": {"code": "Course 6056", "capacity": 86, "building": 0}}, {"model": "scheduler.course", "pk": 57, "fields": {"code": "Course 5057", "capacity": 67, "building": 8}}, {"model": "scheduler.course", "pk": 58, "fields": {"code": "Course 5058", "capacity": 42, "building": 4}}, {"model": "scheduler.course", "pk": 59, "fields": {"code": "Course 5059", "capacity": 99, "building": 7}}, {"model": "scheduler.ta", "pk": 0, "fields": {"first_name": "John470", "last_name": "Doe860", "email": "ta_email82@test.com", "building": 3}}, {"model": "scheduler.ta", "pk": 1, "fields": {"first_name": "John144", "last_name": "Doe514", "email": "ta_email57@test.com", "building": 0}}, {"model": "scheduler.ta", "pk": 2, "fields": {"first_name": "John643", "last_name": "Doe511", "email": "ta_email68@test.com", "building": 3}}, {"model": "scheduler.ta", "pk": 3, "fields": {"first_name": "John300", "last_name": "Doe575", "email": "ta_email98@test.com", "building": 3}}, {"model": "scheduler.ta", "pk": 4, "fields": {"first_name": "John181", "last_name": "Doe564", "email": "ta_email46@test.com", "building": 5}}, {"model": "scheduler.ta", "pk": 5, "fields": {"first_name": "John131", "last_name": "Doe534", "email": "ta_email54@test.com", "building": 5}}, {"model": "scheduler.ta", "pk": 6, "fields": {"first_name": "John127", "last_name": "Doe611", "email": "ta_email45@test.com", "building": 9}}, {"model": "scheduler.ta", "pk": 7, "fields": {"first_name": "John210", "last_name": "Doe564", "email": "ta_email63@test.com", "building": 5}}, {"model": "scheduler.ta", "pk": 8, "fields": {"first_name": "John862", "last_name": "Doe751", "email": "ta_email75@test.com", "building": 4}}, {"model": "scheduler.ta", "pk": 9, "fields": {"first_name": "John926", "last_name": "Doe647", "email": "ta_email47@test.com", "building": 5}}, {"model": "scheduler.ta", "pk": 10, "fields": {"first_name": "John563", "last_name": "Doe522", "email": "ta_email13@test.com", "building": 5}}, {"model": "scheduler.ta", "pk": 11, "fields": {"first_name": "John603", "last_name": "Doe290", "email": "ta_email84@test.com", "building": 4}}, {"model": "scheduler.ta", "pk": 12, "fields": {"first_name": "John702", "last_name": "Doe649", "email": "ta_email38@test.com", "building": 6}}, {"model": "scheduler.ta", "pk": 13, "fields": {"first_name": "John937", "last_name": "Doe430", "email": "ta_email71@test.com", "building": 5}}, {"model": "scheduler.ta", "pk": 14, "fields": {"first_name": "John404", "last_name": "Doe595", "email": "ta_email92@test.com", "building": 8}}, {"model": "scheduler.ta", "pk": 15, "fields": {"first_name": "John962", "last_name": "Doe288", "email": "ta_email56@test.com", "building": 7}}, {"model": "scheduler.ta", "pk": 16, "fields": {"first_name": "John191", "last_name": "Doe655", "email": "ta_email25@test.com", "building": 5}}, {"model": "scheduler.ta", "pk": 17, "fields": {"first_name": "John331", "last_name": "Doe859", "email": "ta_email26@test.com", "building": 7}}, {"model": "scheduler.ta", "pk": 18, "fields": {"first_name": "John560", "last_name": "Doe471", "email": "ta_email22@test.com", "building": 0}}, {"model": "scheduler.ta", "pk": 19, "fields": {"first_name": "John411", "last_name": "Doe631", "email": "ta_email55@test.com", "building": 5}}, {"model": "scheduler.ta", "pk": 20, "fields": {"first_name": "John239", "last_name": "Doe950", "email": "ta_email86@test.com", "building": 5}}, {"model": "scheduler.ta", "pk": 21, "fields": {"first_name": "John142", "last_name": "Doe289", "email": "ta_email87@test.com", "building": 5}}, {"model": "scheduler.ta", "pk": 22, "fields": {"first_name": "John240", "last_name": "Doe807", "email": "ta_email36@test.com", "building": 2}}, {"model": "scheduler.ta", "pk": 23, "fields": {"first_name": "John221", "last_name": "Doe781", "email": "ta_email81@test.com", "building": 2}}, {"model": "scheduler.ta", "pk": 24, "fields": {"first_name": "John148", "last_name": "Doe278", "email": "ta_email83@test.com", "building": 5}}, {"model": "scheduler.ta", "pk": 25, "fields": {"first_name": "John807", "last_name": "Doe164", "email": "ta_email83@test.com", "building": 7}}, {"model": "scheduler.ta", "pk": 26, "fields": {"first_name": "John644", "last_name": "Doe596", "email": "ta_email17@test.com", "building": 1}}, {"model": "scheduler.ta", "pk": 27, "fields": {"first_name": "John111", "last_name": "Doe678", "email": "ta_email33@test.com", "building": 9}}, {"model": "scheduler.ta", "pk": 28, "fields": {"first_name": "John134", "last_name": "Doe875", "email": "ta_email75@test.com", "building": 7}}, {"model": "scheduler.ta", "pk": 29, "fields": {"first_name": "John582", "last_name": "Doe941", "email": "ta_email63@test.com", "building": 8}}, {"model": "scheduler.ta", "pk": 30, "fields": {"first_name": "John894", "last_name": "Doe792", "email": "ta_email87@test.com", "building": 1}}, {"model": "scheduler.ta", "pk": 31, "fields": {"first_name": "John208", "last_name": "Doe796", "email": "ta_email63@test.com", "building": 1}}, {"model": "scheduler.ta", "pk": 32, "fields": {"first_name": "John107", "last_name": "Doe924", "email": "ta_email90@test.com", "building": 9}}, {"model": "scheduler.ta", "pk": 33, "fields": {"first_name": "John487", "last_name": "Doe647", "email": "ta_email55@test.com", "building": 8}}, {"model": "scheduler.ta", "pk": 34, "fields": {"first_name": "John505", "last_name": "Doe334", "email": "ta_email41@test.com", "building": 9}}, {"model": "scheduler.ta", "pk": 35, "fields": {"first_name": "John614", "last_name": "Doe431", "email": "ta_email27@test.com", "building": 0}}, {"model": "scheduler.ta", "pk": 36, "fields": {"first_name": "John933", "last_name": "Doe328", "email": "ta_email90@test.com", "building": 2}}, {"model": "scheduler.ta", "pk": 37, "fields": {"first_name": "John979", "last_name": "Doe720", "email": "ta_email10@test.com", "building": 8}}, {"model": "scheduler.ta", "pk": 38, "fields": {"first_name": "John749", "last_name": "Doe401", "email": "ta_email89@test.com", "building": 5}}, {"model": "scheduler.ta", "pk": 39, "fields": {"first_name": "John587", "last_name": "Doe101", "email": "ta_email59@test.com", "building": 2}}, {"model": "scheduler.ta", "pk": 40, "fields": {"first_name": "John157", "last_name": "Doe491", "email": "ta_email63@test.com", "building": 5}}, {"model": "scheduler.ta", "pk": 41, "fields": {"first_name": "John721", "last_name": "Doe431", "email": "ta_email31@test.com", "building": 8}}, {"model": "scheduler.ta", "pk": 42, "fields": {"first_name": "John228", "last_name": "Doe436", "email": "ta_email11@test.com", "building": 0}}, {"model": "scheduler.ta", "pk": 43, "fields": {"first_name": "John497", "last_name": "Doe243", "email": "ta_email54@test.com", "building": 8}}, {"model": "scheduler.ta", "pk": 44, "fields": {"first_name": "John393", "last_name": "Doe583", "email": "ta_email50@test.com", "building": 5}}, {"model": "scheduler.ta", "pk": 45, "fields": {"first_name": "John486", "last_name": "Doe902", "email": "ta_email72@test.com", "building": 0}}, {"model": "scheduler.ta", "pk": 46, "fields": {"first_name": "John798", "last_name": "Doe389", "email": "ta_email79@test.com", "building": 0}}, {"model": "scheduler.ta", "pk": 47, "fields": {"first_name": "John134", "last_name": "Doe802", "email": "ta_email35@test.com", "building": 6}}, {"model": "scheduler.ta", "pk": 48, "fields": {"first_name": "John934", "last_name": "Doe467", "email": "ta_email51@test.com", "building": 8}}, {"model": "scheduler.ta", "pk": 49, "fields": {"first_name": "John362", "last_name": "Doe483", "email": "ta_email30@test.com", "building": 9}}, {"model": "scheduler.ta", "pk": 50, "fields": {"first_name": "John194", "last_name": "Doe702", "email": "ta_email73@test.com", "building": 5}}, {"model": "scheduler.ta", "pk": 51, "fields": {"first_name": "John462", "last_name": "Doe579", "email": "ta_email11@test.com", "building": 8}}, {"model": "scheduler.ta", "pk": 52, "fields": {"first_name": "John383", "last_name": "Doe113", "email": "ta_email43@test.com", "building": 9}}, {"model": "scheduler.ta", "pk": 53, "fields": {"first_name": "John372", "last_name": "Doe104", "email": "ta_email46@test.com", "building": 7}}, {"model": "scheduler.ta", "pk": 54, "fields": {"first_name": "John277", "last_name": "Doe768", "email": "ta_email76@test.com", "building": 4}}, {"model": "scheduler.ta", "pk": 55, "fields": {"first_name": "John569", "last_name": "Doe196", "email": "ta_email96@test.com", "building": 9}}, {"model": "scheduler.ta", "pk": 56, "fields": {"first_name": "John488", "last_name": "Doe886", "email": "ta_email41@test.com", "building": 0}}, {"model": "scheduler.ta", "pk": 57, "fields": {"first_name": "John735", "last_name": "Doe364", "email": "ta_email81@test.com", "building": 6}}, {"model": "scheduler.ta", "pk": 58, "fields": {"first_name": "John926", "last_name": "Doe690", "email": "ta_email27@test.com", "building": 0}}, {"model": "scheduler.ta", "pk": 59, "fields": {"first_name": "John807", "last_name": "Doe629", "email": "ta_email71@test.com", "building": 6}}, {"model": "scheduler.ta", "pk": 60, "fields": {"first_name": "John817", "last_name": "Doe999", "email": "ta_email85@test.com", "building": 9}}, {"model": "scheduler.ta", "pk": 61, "fields": {"first_name": "John264", "last_name": "Doe787", "email": "ta_email83@test.com", "building": 9}}, {"model": "scheduler.ta", "pk": 62, "fields": {"first_name": "John479", "last_name": "Doe613", "email": "ta_email49@test.com", "building": 9}}, {"model": "scheduler.ta", "pk": 63, "fields": {"first_name": "John419", "last_name": "Doe721", "email": "ta_email48@test.com", "building": 6}}, {"model": "scheduler.ta", "pk": 64, "fields": {"first_name": "John466", "last_name": "Doe460", "email": "ta_email59@test.com", "building": 1}}, {"model": "contenttypes.contenttype", "pk": 16, "fields": {"app_label": "scheduler", "model": "building"}}, {"model": "contenttypes.contenttype", "pk": 17, "fields": {"app_label": "scheduler", "model": "classroom"}}, {"model": "contenttypes.contenttype", "pk": 18, "fields": {"app_label": "scheduler", "model": "classroomschedule"}}, {"model": "contenttypes.contenttype", "pk": 19, "fields": {"app_label": "scheduler", "model": "course"}}, {"model": "contenttypes.contenttype", "pk": 20, "fields": {"app_label": "scheduler", "model": "exam"}}, {"model": "contenttypes.contenttype", "pk": 21, "fields": {"app_label": "scheduler", "model": "ta"}}, {"model": "contenttypes.contenttype", "pk": 22, "fields": {"app_label": "scheduler", "model": "taschedule"}}, {"model": "contenttypes.contenttype", "pk": 23, "fields": {"app_label": "scheduler", "model": "taexam"}}, {"model": "contenttypes.contenttype", "pk": 24, "fields": {"app_label": "scheduler", "model": "tacourse"}}, {"model": "contenttypes.contenttype", "pk": 25, "fields": {"app_label": "admin", "model": "logentry"}}, {"model": "contenttypes.contenttype", "pk": 26, "fields": {"app_label": "auth", "model": "permission"}}, {"model": "contenttypes.contenttype", "pk": 27, "fields": {"app_label": "auth", "model": "group"}}, {"model": "contenttypes.contenttype", "pk": 28, "fields": {"app_label": "auth", "model": "user"}}, {"model": "contenttypes.contenttype", "pk": 29, "fields": {"app_label": "contenttypes", "model": "contenttype"}}, {"model": "contenttypes.contenttype", "pk": 30, "fields": {"app_label": "sessions", "model": "session"}}, {"model": "auth.permission", "pk": 46, "fields": {"name": "Can add Building", "content_type": 16, "codename": "add_building"}}, {"model": "auth.permission", "pk": 47, "fields": {"name": "Can change Building", "content_type": 16, "codename": "change_building"}}, {"model": "auth.permission", "pk": 48, "fields": {"name": "Can delete Building", "content_type": 16, "codename": "delete_building"}}, {"model": "auth.permission", "pk": 49, "fields": {"name": "Can add Classroom", "content_type": 17, "codename": "add_classroom"}}, {"model": "auth.permission", "pk": 50, "fields": {"name": "Can change Classroom", "content_type": 17, "codename": "change_classroom"}}, {"model": "auth.permission", "pk": 51, "fields": {"name": "Can delete Classroom", "content_type": 17, "codename": "delete_classroom"}}, {"model": "auth.permission", "pk": 52, "fields": {"name": "Can add Classroom Schedule", "content_type": 18, "codename": "add_classroomschedule"}}, {"model": "auth.permission", "pk": 53, "fields": {"name": "Can change Classroom Schedule", "content_type": 18, "codename": "change_classroomschedule"}}, {"model": "auth.permission", "pk": 54, "fields": {"name": "Can delete Classroom Schedule", "content_type": 18, "codename": "delete_classroomschedule"}}, {"model": "auth.permission", "pk": 55, "fields": {"name": "Can add Course", "content_type": 19, "codename": "add_course"}}, {"model": "auth.permission", "pk": 56, "fields": {"name": "Can change Course", "content_type": 19, "codename": "change_course"}}, {"model": "auth.permission", "pk": 57, "fields": {"name": "Can delete Course", "content_type": 19, "codename": "delete_course"}}, {"model": "auth.permission", "pk": 58, "fields": {"name": "Can add Exam", "content_type": 20, "codename": "add_exam"}}, {"model": "auth.permission", "pk": 59, "fields": {"name": "Can change Exam", "content_type": 20, "codename": "change_exam"}}, {"model": "auth.permission", "pk": 60, "fields": {"name": "Can delete Exam", "content_type": 20, "codename": "delete_exam"}}, {"model": "auth.permission", "pk": 61, "fields": {"name": "Can add Teaching Assistant", "content_type": 21, "codename": "add_ta"}}, {"model": "auth.permission", "pk": 62, "fields": {"name": "Can change Teaching Assistant", "content_type": 21, "codename": "change_ta"}}, {"model": "auth.permission", "pk": 63, "fields": {"name": "Can delete Teaching Assistant", "content_type": 21, "codename": "delete_ta"}}, {"model": "auth.permission", "pk": 64, "fields": {"name": "Can add TA Schedule", "content_type": 22, "codename": "add_taschedule"}}, {"model": "auth.permission", "pk": 65, "fields": {"name": "Can change TA Schedule", "content_type": 22, "codename": "change_taschedule"}}, {"model": "auth.permission", "pk": 66, "fields": {"name": "Can delete TA Schedule", "content_type": 22, "codename": "delete_taschedule"}}, {"model": "auth.permission", "pk": 67, "fields": {"name": "Can add Exam - TA Schedule", "content_type": 23, "codename": "add_taexam"}}, {"model": "auth.permission", "pk": 68, "fields": {"name": "Can change Exam - TA Schedule", "content_type": 23, "codename": "change_taexam"}}, {"model": "auth.permission", "pk": 69, "fields": {"name": "Can delete Exam - TA Schedule", "content_type": 23, "codename": "delete_taexam"}}, {"model": "auth.permission", "pk": 70, "fields": {"name": "Can add Master TA", "content_type": 24, "codename": "add_tacourse"}}, {"model": "auth.permission", "pk": 71, "fields": {"name": "Can change Master TA", "content_type": 24, "codename": "change_tacourse"}}, {"model": "auth.permission", "pk": 72, "fields": {"name": "Can delete Master TA", "content_type": 24, "codename": "delete_tacourse"}}, {"model": "auth.permission", "pk": 73, "fields": {"name": "Can add log entry", "content_type": 25, "codename": "add_logentry"}}, {"model": "auth.permission", "pk": 74, "fields": {"name": "Can change log entry", "content_type": 25, "codename": "change_logentry"}}, {"model": "auth.permission", "pk": 75, "fields": {"name": "Can delete log entry", "content_type": 25, "codename": "delete_logentry"}}, {"model": "auth.permission", "pk": 76, "fields": {"name": "Can add permission", "content_type": 26, "codename": "add_permission"}}, {"model": "auth.permission", "pk": 77, "fields": {"name": "Can change permission", "content_type": 26, "codename": "change_permission"}}, {"model": "auth.permission", "pk": 78, "fields": {"name": "Can delete permission", "content_type": 26, "codename": "delete_permission"}}, {"model": "auth.permission", "pk": 79, "fields": {"name": "Can add group", "content_type": 27, "codename": "add_group"}}, {"model": "auth.permission", "pk": 80, "fields": {"name": "Can change group", "content_type": 27, "codename": "change_group"}}, {"model": "auth.permission", "pk": 81, "fields": {"name": "Can delete group", "content_type": 27, "codename": "delete_group"}}, {"model": "auth.permission", "pk": 82, "fields": {"name": "Can add user", "content_type": 28, "codename": "add_user"}}, {"model": "auth.permission", "pk": 83, "fields": {"name": "Can change user", "content_type": 28, "codename": "change_user"}}, {"model": "auth.permission", "pk": 84, "fields": {"name": "Can delete user", "content_type": 28, "codename": "delete_user"}}, {"model": "auth.permission", "pk": 85, "fields": {"name": "Can add content type", "content_type": 29, "codename": "add_contenttype"}}, {"model": "auth.permission", "pk": 86, "fields": {"name": "Can change content type", "content_type": 29, "codename": "change_contenttype"}}, {"model": "auth.permission", "pk": 87, "fields": {"name": "Can delete content type", "content_type": 29, "codename": "delete_contenttype"}}, {"model": "auth.permission", "pk": 88, "fields": {"name": "Can add session", "content_type": 30, "codename": "add_session"}}, {"model": "auth.permission", "pk": 89, "fields": {"name": "Can change session", "content_type": 30, "codename": "change_session"}}, {"model": "auth.permission", "pk": 90, "fields": {"name": "Can delete session", "content_type": 30, "codename": "delete_session"}}]